{
  "altitude": [
    27.8,
    28.6,
    28.4,
    28.4,
    28.2,
    28.0,
    28.2,
    28.6,
    29.0,
    29.2,
    29.4,
    29.6,
    29.8,
    30.4,
    30.4,
    30.6,
    30.6,
    30.6,
    31.0,
    31.4,
    31.4,
    31.6,
    31.6,
    32.2,
    32.4,
    33.6,
    34.8,
    35.8,
    36.2,
    37.0,
    37.6,
    38.2,
    38.8,
    39.2,
    39.4,
    39.8,
    40.0,
    40.2,
    40.0,
    39.6,
    39.2,
    39.2,
    39.2,
    39.0,
    38.8,
    38.8,
    38.6,
    38.6,
    38.4,
    38.4,
    38.4,
    39.0,
    39.2,
    39.6,
    39.8,
    39.8,
    39.8,
    39.8,
    39.8,
    40.0,
    40.0,
    39.8,
    39.8,
    39.8,
    39.8,
    39.8,
    39.8,
    39.8,
    39.8,
    39.8,
    39.8,
    40.0,
    40.0,
    40.0,
    40.0,
    40.0,
    40.2,
    40.2,
    40.2,
    40.2,
    40.4,
    40.4,
    40.4,
    40.4,
    40.4,
    40.4,
    40.4,
    40.6,
    40.6,
    41.4,
    41.4,
    42.2,
    42.4,
    42.6,
    43.0,
    43.2,
    43.6,
    43.6,
    44.0,
    44.0,
    44.0,
    44.0
  ],
  "latlng": [
    [
      43.605149,
      3.880784
    ],
    [
      43.605149,
      3.880784
    ],
    [
      43.604953,
      3.880751
    ],
    [
      43.605019,
      3.880692
    ],
    [
      43.605101,
      3.880616
    ],
    [
      43.605228,
      3.88047
    ],
    [
      43.605331,
      3.880405
    ],
    [
      43.605397,
      3.880379
    ],
    [
      43.605451,
      3.88035
    ],
    [
      43.605479,
      3.880333
    ],
    [
      43.605507,
      3.880317
    ],
    [
      43.605583,
      3.880282
    ],
    [
      43.605629,
      3.880268
    ],
    [
      43.605677,
      3.880266
    ],
    [
      43.605699,
      3.880266
    ],
    [
      43.605801,
      3.880235
    ],
    [
      43.605943,
      3.880198
    ],
    [
      43.606046,
      3.880152
    ],
    [
      43.606198,
      3.880083
    ],
    [
      43.606351,
      3.88003
    ],
    [
      43.60641,
      3.880026
    ],
    [
      43.606497,
      3.880008
    ],
    [
      43.606528,
      3.879999
    ],
    [
      43.606728,
      3.879913
    ],
    [
      43.606762,
      3.879889
    ],
    [
      43.606935,
      3.879823
    ],
    [
      43.607113,
      3.87975
    ],
    [
      43.607268,
      3.879682
    ],
    [
      43.607352,
      3.879637
    ],
    [
      43.60748,
      3.879569
    ],
    [
      43.607613,
      3.879512
    ],
    [
      43.607643,
      3.8795
    ],
    [
      43.607769,
      3.879456
    ],
    [
      43.607905,
      3.879409
    ],
    [
      43.60798,
      3.879402
    ],
    [
      43.60809,
      3.879413
    ],
    [
      43.608226,
      3.879418
    ],
    [
      43.608315,
      3.879461
    ],
    [
      43.608359,
      3.879533
    ],
    [
      43.608503,
      3.879694
    ],
    [
      43.608623,
      3.879802
    ],
    [
      43.608647,
      3.879829
    ],
    [
      43.608679,
      3.879925
    ],
    [
      43.608702,
      3.879961
    ],
    [
      43.608739,
      3.880015
    ],
    [
      43.608837,
      3.880161
    ],
    [
      43.608925,
      3.880176
    ],
    [
      43.608954,
      3.880192
    ],
    [
      43.609061,
      3.880287
    ],
    [
      43.60912,
      3.880285
    ],
    [
      43.609207,
      3.880159
    ],
    [
      43.609263,
      3.879946
    ],
    [
      43.609275,
      3.879878
    ],
    [
      43.609354,
      3.879791
    ],
    [
      43.609378,
      3.879736
    ],
    [
      43.609385,
      3.879705
    ],
    [
      43.609378,
      3.87954
    ],
    [
      43.609325,
      3.879495
    ],
    [
      43.609325,
      3.87947
    ],
    [
      43.60934,
      3.879442
    ],
    [
      43.609351,
      3.879428
    ],
    [
      43.609394,
      3.879406
    ],
    [
      43.609441,
      3.87938
    ],
    [
      43.609487,
      3.879371
    ],
    [
      43.609531,
      3.879345
    ],
    [
      43.609559,
      3.879323
    ],
    [
      43.609581,
      3.879286
    ],
    [
      43.60974,
      3.879179
    ],
    [
      43.609936,
      3.879128
    ],
    [
      43.609977,
      3.87912
    ],
    [
      43.610027,
      3.879094
    ],
    [
      43.61013,
      3.879105
    ],
    [
      43.610253,
      3.879175
    ],
    [
      43.610504,
      3.879112
    ],
    [
      43.610639,
      3.879132
    ],
    [
      43.610677,
      3.87911
    ],
    [
      43.610772,
      3.879163
    ],
    [
      43.610814,
      3.879192
    ],
    [
      43.610939,
      3.879236
    ],
    [
      43.610959,
      3.879226
    ],
    [
      43.611008,
      3.879204
    ],
    [
      43.611042,
      3.879184
    ],
    [
      43.611089,
      3.879164
    ],
    [
      43.611158,
      3.879139
    ],
    [
      43.611238,
      3.879113
    ],
    [
      43.611339,
      3.879178
    ],
    [
      43.61139,
      3.879239
    ],
    [
      43.61144,
      3.879307
    ],
    [
      43.611467,
      3.879324
    ],
    [
      43.611571,
      3.879344
    ],
    [
      43.611608,
      3.87935
    ],
    [
      43.611733,
      3.879319
    ],
    [
      43.611762,
      3.879305
    ],
    [
      43.611782,
      3.879287
    ],
    [
      43.611792,
      3.87928
    ],
    [
      43.611835,
      3.879261
    ],
    [
      43.6119,
      3.879252
    ],
    [
      43.611924,
      3.879247
    ],
    [
      43.611949,
      3.879235
    ],
    [
      43.612014,
      3.879198
    ],
    [
      43.612046,
      3.879193
    ],
    [
      43.612071,
      3.879183
    ]
  ],
  "moving": [
    false,
    true,
    true,
    true,
    true,
    true,
    true,
    true,
    true,
    true,
    true,
    true,
    true,
    true,
    true,
    true,
    true,
    true,
    true,
    true,
    true,
    true,
    true,
    true,
    true,
    true,
    true,
    true,
    true,
    true,
    true,
    true,
    true,
    true,
    true,
    true,
    true,
    true,
    true,
    true,
    true,
    true,
    true,
    true,
    true,
    true,
    true,
    true,
    true,
    true,
    true,
    true,
    true,
    true,
    true,
    true,
    true,
    true,
    true,
    false,
    true,
    true,
    true,
    true,
    true,
    true,
    true,
    true,
    true,
    true,
    true,
    true,
    true,
    true,
    true,
    true,
    true,
    true,
    true,
    true,
    true,
    true,
    true,
    true,
    true,
    true,
    true,
    true,
    true,
    true,
    true,
    true,
    true,
    true,
    true,
    true,
    true,
    true,
    true,
    true,
    true,
    true
  ],
  "temp": [
    28,
    27,
    27,
    27,
    27,
    27,
    27,
    27,
    27,
    27,
    27,
    27,
    26,
    26,
    26,
    26,
    26,
    26,
    26,
    26,
    26,
    26,
    26,
    25,
    25,
    25,
    25,
    25,
    25,
    25,
    25,
    24,
    24,
    24,
    24,
    24,
    24,
    23,
    23,
    23,
    23,
    23,
    23,
    23,
    23,
    22,
    22,
    22,
    22,
    22,
    22,
    22,
    22,
    22,
    22,
    22,
    21,
    21,
    21,
    21,
    21,
    21,
    21,
    21,
    21,
    21,
    21,
    21,
    21,
    21,
    21,
    20,
    20,
    20,
    20,
    20,
    20,
    20,
    20,
    20,
    20,
    20,
    20,
    20,
    20,
    20,
    20,
    20,
    20,
    20,
    20,
    20,
    20,
    20,
    20,
    20,
    20,
    20,
    20,
    19,
    19,
    19
  ],