{
  "altitude": [
    27.0,
    29.2,
    29.4,
    29.2,
    29.4,
    29.2,
    29.8,
    29.8,
    29.8,
    30.0,
    30.2,
    30.4,
    31.2,
    31.2,
    31.8,
    32.4,
    32.4,
    32.8,
    33.6,
    33.8,
    33.8,
    34.4,
    34.6,
    35.4,
    35.6,
    36.6,
    36.6,
    36.8,
    37.0,
    37.2,
    37.6,
    37.8,
    37.8,
    38.0,
    38.4,
    38.4,
    38.8,
    39.0,
    39.6,
    40.4,
    40.4,
    41.0,
    41.2,
    41.4,
    41.6,
    42.4,
    42.6,
    42.6,
    42.6,
    42.6,
    42.6,
    42.6,
    42.4,
    42.6,
    42.6,
    42.6,
    42.8,
    43.0,
    43.2,
    43.2,
    43.2,
    43.2,
    43.2,
    43.4,
    43.4,
    43.4,
    43.4,
    43.6,
    43.8,
    44.0,
    44.0,
    44.2,
    44.6,
    44.6,
    44.8,
    45.0,
    45.2,
    45.2,
    45.2,
    45.2,
    45.2,
    45.2,
    45.2,
    45.2,
    45.4,
    45.2,
    45.4,
    45.4,
    45.8,
    45.8,
    46.0,
    46.2,
    46.4,
    47.2,
    47.6,
    47.8,
    48.2,
    48.6,
    48.8,
    49.0,
    49.0,
    48.8
  ],
  "latlng": [
    [
      43.605021,
      3.880733
    ],
    [
      43.605051,
      3.880722
    ],
    [
      43.605054,
      3.880681
    ],
    [
      43.605059,
      3.880644
    ],
    [
      43.605069,
      3.88057
    ],
    [
      43.605037,
      3.880615
    ],
    [
      43.605055,
      3.880634
    ],
    [
      43.605087,
      3.880687
    ],
    [
      43.605184,
      3.880908
    ],
    [
      43.605364,
      3.88108
    ],
    [
      43.605412,
      3.881136
    ],
    [
      43.605466,
      3.881205
    ],
    [
      43.605666,
      3.881499
    ],
    [
      43.605714,
      3.881575
    ],
    [
      43.605855,
      3.881742
    ],
    [
      43.60595,
      3.88183
    ],
    [
      43.605965,
      3.881812
    ],
    [
      43.606077,
      3.881684
    ],
    [
      43.606189,
      3.881555
    ],
    [
      43.606262,
      3.881459
    ],
    [
      43.606298,
      3.881414
    ],
    [
      43.606367,
      3.881338
    ],
    [
      43.606404,
      3.881307
    ],
    [
      43.60648,
      3.881235
    ],
    [
      43.606511,
      3.881202
    ],
    [
      43.606684,
      3.88103
    ],
    [
      43.60671,
      3.880992
    ],
    [
      43.606738,
      3.880949
    ],
    [
      43.60682,
      3.880894
    ],
    [
      43.606867,
      3.880874
    ],
    [
      43.606947,
      3.880826
    ],
    [
      43.606936,
      3.88076
    ],
    [
      43.606933,
      3.880709
    ],
    [
      43.606944,
      3.880665
    ],
    [
      43.60701,
      3.880613
    ],
    [
      43.6071,
      3.880567
    ],
    [
      43.607247,
      3.880537
    ],
    [
      43.607359,
      3.880459
    ],
    [
      43.607565,
      3.880353
    ],
    [
      43.60766,
      3.880256
    ],
    [
      43.607694,
      3.880209
    ],
    [
      43.607859,
      3.880142
    ],
    [
      43.60789,
      3.880124
    ],
    [
      43.608003,
      3.880008
    ],
    [
      43.608032,
      3.879972
    ],
    [
      43.608243,
      3.879836
    ],
    [
      43.608282,
      3.87984
    ],
    [
      43.608376,
      3.879931
    ],
    [
      43.608423,
      3.879993
    ],
    [
      43.608444,
      3.879995
    ],
    [
      43.608451,
      3.87998
    ],
    [
      43.608474,
      3.879967
    ],
    [
      43.608533,
      3.879948
    ],
    [
      43.608573,
      3.879925
    ],
    [
      43.608614,
      3.879969
    ],
    [
      43.608635,
      3.880038
    ],
    [
      43.608712,
      3.880211
    ],
    [
      43.60889,
      3.88034
    ],
    [
      43.609032,
      3.880401
    ],
    [
      43.609073,
      3.880388
    ],
    [
      43.609219,
      3.880309
    ],
    [
      43.609244,
      3.880307
    ],
    [
      43.60929,
      3.880322
    ],
    [
      43.609344,
      3.880345
    ],
    [
      43.609518,
      3.880408
    ],
    [
      43.609616,
      3.880439
    ],
    [
      43.609651,
      3.880444
    ],
    [
      43.609862,
      3.880508
    ],
    [
      43.6099,
      3.880521
    ],
    [
      43.610141,
      3.880635
    ],
    [
      43.610199,
      3.880666
    ],
    [
      43.610348,
      3.880737
    ],
    [
      43.610686,
      3.880816
    ],
    [
      43.610744,
      3.880832
    ],
    [
      43.610837,
      3.88084
    ],
    [
      43.610867,
      3.880803
    ],
    [
      43.610943,
      3.880463
    ],
    [
      43.610979,
      3.880357
    ],
    [
      43.610996,
      3.880206
    ],
    [
      43.611024,
      3.880027
    ],
    [
      43.611037,
      3.87995
    ],
    [
      43.61107,
      3.879799
    ],
    [
      43.611069,
      3.879593
    ],
    [
      43.611076,
      3.879498
    ],
    [
      43.611113,
      3.879158
    ],
    [
      43.611118,
      3.879155
    ],
    [
      43.611136,
      3.879152
    ],
    [
      43.611279,
      3.879132
    ],
    [
      43.611356,
      3.879198
    ],
    [
      43.61138,
      3.879204
    ],
    [
      43.611407,
      3.879221
    ],
    [
      43.611429,
      3.879226
    ],
    [
      43.611479,
      3.879246
    ],
    [
      43.611587,
      3.879227
    ],
    [
      43.611661,
      3.87919
    ],
    [
      43.611688,
      3.87919
    ],
    [
      43.611778,
      3.879182
    ],
    [
      43.611838,
      3.87915
    ],
    [
      43.61185,
      3.879144
    ],
    [
      43.611872,
      3.879137
    ],
    [
      43.611931,
      3.879137
    ],
    [
      43.611964,
      3.879129
    ]
  ],
  "moving": [
    false,
    true,
    true,
    false,
    false,
    false,
    true,
    true,
    true,
    true,
    true,
    true,
    true,
    true,
    true,
    true,
    true,
    true,
    true,
    true,
    true,
    true,
    true,
    true,
    true,
    true,
    true,
    true,
    true,
    true,
    true,
    true,
    true,
    true,
    true,
    true,
    true,
    true,
    true,
    true,
    true,
    true,
    true,
    true,
    true,
    true,
    true,
    true,
    true,
    true,
    true,
    true,
    true,
    true,
    true,
    true,
    true,
    true,
    true,
    true,
    true,
    true,
    true,
    true,
    true,
    true,
    true,
    true,
    true,
    true,
    true,
    true,
    true,
    true,
    true,
    true,
    true,
    true,
    true,
    true,
    true,
    true,
    true,
    true,
    true,
    true,
    true,
    true,
    true,
    true,
    true,
    true,
    true,
    true,
    true,
    true,
    true,
    true,
    false,
    true,
    true,
    true
  ],
  "temp": [
    20,
    20,
    20,
    20,
    20,
    20,
    20,
    20,
    20,
    20,
    20,
    20,
    20,
    20,
    20,
    20,
    20,
    20,
    20,
    20,
    20,
    20,
    20,
    20,
    20,
    20,
    20,
    19,
    19,
    19,
    19,
    19,
    19,
    19,
    19,
    19,
    19,
    19,
    19,
    19,
    19,
    19,
    19,
    19,
    19,
    18,
    18,
    18,
    18,
    18,
    18,
    18,
    18,
    18,
    18,
    18,
    17,
    17,
    17,
    17,
    17,
    17,
    17,
    17,
    17,
    17,
    17,
    17,
    17,
    17,
    17,
    17,
    16,
    16,
    16,
    16,
    16,
    16,
    16,
    16,
    16,
    16,
    16,
    16,
    16,
    16,
    16,
    16,
    16,
    16,
    16,
    16,
    16,
    16,
    16,
    16,
    16,
    16,
    16,
    16,
    16,
    16
  ],