{
  "altitude": [
    27.0,
    28.4,
    28.8,
    29.2,
    29.0,
    29.6,
    30.0,
    30.8,
    31.0,
    32.2,
    33.2,
    33.2,
    33.2,
    33.6,
    34.2,
    34.4,
    34.4,
    34.6,
    34.8,
    35.2,
    35.4,
    35.8,
    36.4,
    37.0,
    37.4,
    38.0,
    38.4,
    38.6,
    38.8,
    39.2,
    40.0,
    40.2,
    40.6,
    40.8,
    41.0,
    41.2,
    41.4,
    41.6,
    41.8,
    42.0,
    42.2,
    42.4,
    42.4,
    42.4,
    42.2,
    42.4,
    42.2,
    42.2,
    42.0,
    42.0,
    42.0,
    42.0,
    41.8,
    41.8,
    41.8,
    41.8,
    41.8,
    41.8,
    42.0,
    42.4,
    42.6,
    42.6,
    42.8,
    42.8,
    43.0,
    43.4,
    43.6,
    43.8,
    43.8,
    43.8,
    43.8,
    43.8,
    43.8,
    44.0,
    44.0,
    44.2,
    44.2,
    44.2,
    44.2,
    44.2,
    44.2,
    44.4,
    44.8,
    44.8,
    44.8,
    44.8,
    44.8,
    45.0,
    45.0,
    45.4,
    45.6,
    45.6,
    45.8,
    46.4,
    46.6,
    46.8,
    47.2,
    47.2,
    47.8,
    48.2,
    48.6,
    48.6,
    48.6,
    48.6,
    48.6
  ],
  "latlng": [
    [
      43.604913,
      3.880682
    ],
    [
      43.604987,
      3.880655
    ],
    [
      43.60499,
      3.880692
    ],
    [
      43.605084,
      3.88076
    ],
    [
      43.605212,
      3.880882
    ],
    [
      43.60536,
      3.881069
    ],
    [
      43.60539,
      3.881109
    ],
    [
      43.605563,
      3.881357
    ],
    [
      43.605593,
      3.881397
    ],
    [
      43.605743,
      3.881596
    ],
    [
      43.605935,
      3.881826
    ],
    [
      43.605966,
      3.881826
    ],
    [
      43.605997,
      3.881801
    ],
    [
      43.606028,
      3.881768
    ],
    [
      43.606207,
      3.881566
    ],
    [
      43.60624,
      3.881526
    ],
    [
      43.606273,
      3.881486
    ],
    [
      43.606343,
      3.881406
    ],
    [
      43.606415,
      3.881337
    ],
    [
      43.606525,
      3.881229
    ],
    [
      43.606556,
      3.881194
    ],
    [
      43.606675,
      3.881087
    ],
    [
      43.606915,
      3.880902
    ],
    [
      43.607043,
      3.880775
    ],
    [
      43.607142,
      3.880675
    ],
    [
      43.607313,
      3.880549
    ],
    [
      43.607486,
      3.880471
    ],
    [
      43.607519,
      3.880443
    ],
    [
      43.607582,
      3.880377
    ],
    [
      43.607746,
      3.880236
    ],
    [
      43.607936,
      3.880127
    ],
    [
      43.607954,
      3.880161
    ],
    [
      43.608018,
      3.880141
    ],
    [
      43.608096,
      3.880039
    ],
    [
      43.608132,
      3.879993
    ],
    [
      43.608171,
      3.879958
    ],
    [
      43.608211,
      3.879931
    ],
    [
      43.60825,
      3.879903
    ],
    [
      43.608326,
      3.879853
    ],
    [
      43.608367,
      3.879826
    ],
    [
      43.608399,
      3.879804
    ],
    [
      43.608456,
      3.879979
    ],
    [
      43.608494,
      3.880037
    ],
    [
      43.60855,
      3.880059
    ],
    [
      43.608616,
      3.880028
    ],
    [
      43.608628,
      3.880009
    ],
    [
      43.608633,
      3.879996
    ],
    [
      43.608649,
      3.880039
    ],
    [
      43.608731,
      3.880117
    ],
    [
      43.608751,
      3.88017
    ],
    [
      43.608768,
      3.880179
    ],
    [
      43.608785,
      3.880195
    ],
    [
      43.608931,
      3.880258
    ],
    [
      43.609121,
      3.880313
    ],
    [
      43.609275,
      3.880342
    ],
    [
      43.609319,
      3.880375
    ],
    [
      43.609346,
      3.880392
    ],
    [
      43.609384,
      3.880409
    ],
    [
      43.609498,
      3.880431
    ],
    [
      43.609718,
      3.880489
    ],
    [
      43.609778,
      3.880498
    ],
    [
      43.609836,
      3.880517
    ],
    [
      43.609924,
      3.880548
    ],
    [
      43.609998,
      3.880588
    ],
    [
      43.610084,
      3.880647
    ],
    [
      43.610263,
      3.880631
    ],
    [
      43.610356,
      3.880711
    ],
    [
      43.610472,
      3.880715
    ],
    [
      43.610664,
      3.880803
    ],
    [
      43.610736,
      3.880832
    ],
    [
      43.610856,
      3.88086
    ],
    [
      43.61097,
      3.880906
    ],
    [
      43.61097,
      3.880906
    ],
    [
      43.611039,
      3.880929
    ],
    [
      43.611049,
      3.88092
    ],
    [
      43.61106,
      3.880883
    ],
    [
      43.611042,
      3.880744
    ],
    [
      43.611041,
      3.880672
    ],
    [
      43.611042,
      3.880452
    ],
    [
      43.611021,
      3.879958
    ],
    [
      43.61102,
      3.879872
    ],
    [
      43.611017,
      3.879552
    ],
    [
      43.611036,
      3.879334
    ],
    [
      43.611048,
      3.87931
    ],
    [
      43.61106,
      3.879286
    ],
    [
      43.611065,
      3.879283
    ],
    [
      43.611093,
      3.8793
    ],
    [
      43.611181,
      3.879241
    ],
    [
      43.611281,
      3.879216
    ],
    [
      43.611503,
      3.879241
    ],
    [
      43.611524,
      3.879227
    ],
    [
      43.611545,
      3.879214
    ],
    [
      43.611625,
      3.879181
    ],
    [
      43.61165,
      3.879182
    ],
    [
      43.611672,
      3.879177
    ],
    [
      43.611717,
      3.879183
    ],
    [
      43.611717,
      3.879183
    ],
    [
      43.611736,
      3.879202
    ],
    [
      43.61183,
      3.879193
    ],
    [
      43.611885,
      3.879193
    ],
    [
      43.611917,
      3.879189
    ],
    [
      43.611928,
      3.879184
    ],
    [
      43.611945,
      3.879177
    ],
    [
      43.611995,
      3.879178
    ],
    [
      43.611995,
      3.879178
    ]
  ],
  "moving": [
    false,
    true,
    true,
    true,
    true,
    true,
    true,
    true,
    true,
    true,
    true,
    true,
    true,
    true,
    true,
    true,
    true,
    true,
    true,
    true,
    true,
    true,
    true,
    true,
    true,
    true,
    true,
    true,
    true,
    true,
    true,
    true,
    true,
    true,
    true,
    true,
    true,
    true,
    true,
    true,
    true,
    true,
    true,
    true,
    true,
    true,
    true,
    true,
    true,
    true,
    true,
    true,
    true,
    true,
    true,
    true,
    true,
    true,
    true,
    true,
    true,
    true,
    true,
    true,
    true,
    true,
    true,
    true,
    true,
    true,
    true,
    true,
    false,
    true,
    true,
    true,
    true,
    true,
    true,
    true,
    true,
    true,
    true,
    true,
    true,
    false,
    true,
    true,
    true,
    true,
    true,
    true,
    true,
    true,
    true,
    true,
    false,
    true,
    true,
    true,
    false,
    true,
    true,
    true,
    false
  ],
  "temp": [
    19,
    19,
    19,
    19,
    19,
    19,
    19,
    19,
    19,
    19,
    19,
    19,
    19,
    19,
    19,
    19,
    19,
    19,
    19,
    19,
    19,
    19,
    19,
    18,
    18,
    18,
    18,
    18,
    18,
    18,
    18,
    18,
    18,
    18,
    18,
    18,
    18,
    18,
    18,
    18,
    18,
    18,
    18,
    18,
    18,
    18,
    18,
    17,
    17,
    17,
    17,
    17,
    17,
    17,
    17,
    17,
    17,
    16,
    16,
    16,
    16,
    16,
    16,
    16,
    16,
    16,
    16,
    16,
    16,
    16,
    16,
    16,
    16,
    16,
    16,
    16,
    16,
    16,
    16,
    16,
    16,
    16,
    16,
    16,
    16,
    16,
    16,
    16,
    16,
    16,
    16,
    16,
    16,
    16,
    16,
    16,
    16,
    16,
    16,
    16,
    16,
    16,
    16,
    15,
    15
  ],