{
  "altitude": [
    38.0,
    38.0,
    38.0,
    38.0,
    38.0,
    38.0,
    38.0,
    38.0,
    38.5,
    38.6,
    38.6,
    38.7,
    38.8,
    38.9,
    38.9,
    38.9,
    39.8,
    40.4,
    40.6,
    40.6,
    40.6,
    40.0,
    40.4,
    41.0,
    41.0,
    41.8,
    40.4,
    40.3,
    40.3,
    40.0,
    40.0,
    40.1,
    40.5,
    40.8,
    40.8,
    41.0,
    41.0,
    41.0,
    41.0,
    41.0,
    41.0,
    41.0,
    41.0,
    41.0,
    41.1,
    41.2,
    41.0,
    40.9,
    40.7,
    40.5,
    40.5,
    40.4,
    40.1,
    39.7,
    39.4,
    39.0,
    39.0,
    38.1,
    37.7,
    37.3,
    37.3,
    37.0
  ],
  "latlng": [
    [
      43.610559,
      3.881677
    ],
    [
      43.610574,
      3.881711
    ],
    [
      43.610568,
      3.881745
    ],
    [
      43.610564,
      3.881757
    ],
    [
      43.610549,
      3.881865
    ],
    [
      43.610547,
      3.881879
    ],
    [
      43.610533,
      3.8819
    ],
    [
      43.610538,
      3.881905
    ],
    [
      43.610494,
      3.882282
    ],
    [
      43.610495,
      3.882297
    ],
    [
      43.610491,
      3.88234
    ],
    [
      43.610492,
      3.882369
    ],
    [
      43.610484,
      3.882437
    ],
    [
      43.610484,
      3.882447
    ],
    [
      43.610603,
      3.882691
    ],
    [
      43.610614,
      3.882692
    ],
    [
      43.61072,
      3.882649
    ],
    [
      43.610788,
      3.882621
    ],
    [
      43.610857,
      3.882635
    ],
    [
      43.610916,
      3.88262
    ],
    [
      43.610951,
      3.882617
    ],
    [
      43.611137,
      3.882611
    ],
    [
      43.611271,
      3.882569
    ],
    [
      43.611368,
      3.882642
    ],
    [
      43.611397,
      3.882867
    ],
    [
      43.611376,
      3.882872
    ],
    [
      43.6121,
      3.883114
    ],
    [
      43.612114,
      3.883114
    ],
    [
      43.612128,
      3.883111
    ],
    [
      43.612303,
      3.88307
    ],
    [
      43.61231,
      3.883068
    ],
    [
      43.612321,
      3.883076
    ],
    [
      43.61253,
      3.883069
    ],
    [
      43.612629,
      3.88307
    ],
    [
      43.612622,
      3.883078
    ],
    [
      43.612758,
      3.88311
    ],
    [
      43.612745,
      3.883115
    ],
    [
      43.612732,
      3.883119
    ],
    [
      43.612706,
      3.883138
    ],
    [
      43.612692,
      3.883147
    ],
    [
      43.612681,
      3.883157
    ],
    [
      43.612644,
      3.883203
    ],
    [
      43.61264,
      3.883204
    ],
    [
      43.612634,
      3.883193
    ],
    [
      43.612642,
      3.883297
    ],
    [
      43.612645,
      3.883348
    ],
    [
      43.612687,
      3.88359
    ],
    [
      43.61271,
      3.88366
    ],
    [
      43.612767,
      3.883916
    ],
    [
      43.612761,
      3.884059
    ],
    [
      43.612755,
      3.884073
    ],
    [
      43.612765,
      3.88417
    ],
    [
      43.612758,
      3.884422
    ],
    [
      43.612799,
      3.884678
    ],
    [
      43.612814,
      3.884938
    ],
    [
      43.612861,
      3.885183
    ],
    [
      43.612894,
      3.885393
    ],
    [
      43.612934,
      3.885564
    ],
    [
      43.612944,
      3.885751
    ],
    [
      43.61301,
      3.885968
    ],
    [
      43.613041,
      3.885972
    ],
    [
      43.613043,
      3.885968
    ]
  ],
  "moving": [
    false,
    true,
    true,
    true,
    true,
    false,
    false,
    false,
    false,
    false,
    false,
    true,
    true,
    false,
    false,
    true,
    true,
    true,
    false,
    true,
    true,
    true,
    true,
    false,
    false,
    false,
    false,
    true,
    true,
    true,
    false,
    false,
    false,
    true,
    false,
    false,
    true,
    true,
    true,
    true,
    true,
    true,
    false,
    false,
    false,
    true,
    true,
    true,
    true,
    true,
    false,
    false,
    true,
    true,
    true,
    true,
    true,
    false,
    true,
    true,
    false,
    false
  ],
  "cadence": [
    55,
    54,
    54,
    54,
    0,
    0,
    0,
    0,
    0,
    59,
    59,
    59,
    0,
    59,
    50,
    51,
    51,
    0,
    53,
    0,
    0,
    53,
    51,
    0,
    0,
    0,
    55,
    55,
    55,
    56,
    0,
    0,
    56,
    0,
    0,
    61,
    61,
    61,
    54,
    54,
    54,
    0,
    0,
    0,
    53,
    51,
    56,
    54,
    56,
    0,
    59,
    61,
    59,
    59,
    55,
    59,
    0,
    58,
    57,
    57,
    0,
    0
  ],
  "velocity_smooth": [
    0.0,
    1.0,
    1.2,
    1.2,
    1.1,
    0.9,
    0.4,
    0.2,
    0.0,
    0.0,
    0.2,
    0.4,
    1.1,
    0.7,
    0.0,
    0.0,
    1.2,
    1.1,
    0.8,
    0.8,
    1.0,
    1.3,
    1.3,
    1.0,
    0.7,
    0.4,
    0.0,
    0.0,
    0.0,
    1.5,
    1.4,
    0.4,
    0.1,
    0.3,
    0.8,
    0.0,
    0.0,
    0.0,
    0.0,
    1.6,
    1.6,
    1.2,
    1.0,
    0.2,
    0.0,
    0.1,
    1.4,
    1.4,
    1.5,
    1.3,
    0.8,
    0.1,
    1.1,
    1.5,
    1.5,
    1.5,
    1.2,
    0.6,
    0.7,
    1.4,
    1.1,
    0.5
  ],
  "time": [
    0,
    3,
    5,
    6,
    14,
    17,
    23,
    28,
    5332,
    5334,
    5338,
    5340,
    5345,
    5350,
    5378,
    5379,
    5389,
    5397,
    5409,
    5416,
    5419,
    5435,
    5447,
    5465,
    5495,
    5521,
    7839,
    7840,
    7841,
    7854,
    7856,
    7860,
    7885,
    7897,
    7901,
    8038,
    8039,
    8040,
    8042,
    8043,
    8044,
    8049,
    8050,
    8055,
    8088,
    8091,
    8105,
    8109,
    8123,
    8135,
    8138,
    8144,
    8157,
    8171,
    8185,
    8199,
    8220,
    8233,
    8243,
    8259,
    8264,
    8267
  ],
  "heartrate": [
    82,
    79,
    81,
    84,
    88,
    89,
    86,
    90,
    124,
    127,
    129,
    130,
    133,
    132,
    116,
    116,
    113,
    110,
    108,
    107,
    105,
    107,
    104,
    101,
    98,
    97,
    71,
    72,
    75,
    78,
    78,
    79,
    80,
    80,
    79,
    94,
    99,
    103,
    107,
    110,
    110,
    107,
    108,
    106,
    77,
    74,
    78,
    75,
    76,
    77,
    78,
    78,
    79,
    80,
    81,
    80,
    81,
    82,
    78,
    77,
    77,
    78
  ],
  "grade_smooth": [
    0.0,
    0.0,
    0.0,
    0.0,
    0.0,
    0.0,
    10.9,
    9.0,
    6.0,
    8.2,
    8.3,
    3.3,
    2.9,
    5.5,
    6.8,
    7.0,
    5.7,
    4.8,
    3.0,
    -1.0,
    -0.4,
    0.8,
    0.6,
    3.4,
    0.0,
    -2.8,
    -3.6,
    -7.9,
    -1.7,
    -0.8,
    0.9,
    5.4,
    5.4,
    6.9,
    3.4,
    2.8,
    1.9,
    1.3,
    0.0,
    0.0,
    0.0,
    1.4,
    1.6,
    0.0,
    0.0,
    -0.3,
    -0.8,
    -1.2,
    -1.2,
    -1.5,
    -1.8,
    -1.9,
    -1.8,
    -1.7,
    -1.3,
    -2.6,
    -3.1,
    -3.1,
    -4.3,
    -2.8,
    -2.9,
    -8.1
  ],
  "distance": [
    1.4,
    4.5,
    7.3,
    8.4,
    17.2,
    18.3,
    20.7,
    20.9,
    21.5,
    22.7,
    22.7,
    25.0,
    30.5,
    31.7,
    31.7,
    33.0,
    45.1,
    53.2,
    61.5,
    68.1,
    71.9,
    92.5,
    107.8,
    121.3,
    140.5,
    145.0,
    145.0,
    146.5,
    148.0,
    167.9,
    168.7,
    170.3,
    170.3,
    182.6,
    183.4,
    183.4,
    184.9,
    186.4,
    189.7,
    191.4,
    192.9,
    198.4,
    198.8,
    199.5,
    199.5,
    203.7,
    223.6,
    229.7,
    251.2,
    262.7,
    263.8,
    263.8,
    284.0,
    305.3,
    326.4,
    347.2,
    366.8,
    366.8,
    382.0,
    402.6,
    406.0,
    406.3
  ]
}