{
  "altitude": [
    2.8,
    2.4,
    2.0,
    2.2,
    2.2,
    2.0,
    1.8,
    1.8,
    2.2,
    2.6,
    2.6,
    2.6,
    2.4,
    2.4,
    2.2,
    2.0,
    1.2,
    1.0,
    0.8,
    0.8,
    0.6,
    0.4,
    0.2,
    0.0,
    0.0,
    0.0,
    0.0,
    0.2,
    0.6,
    0.8,
    1.2,
    2.0,
    2.4,
    2.6,
    2.8,
    2.8,
    2.8,
    2.6,
    2.8,
    2.4,
    2.4,
    2.6,
    2.8,
    3.0,
    3.0,
    3.0,
    3.0,
    3.0,
    3.4,
    3.4,
    3.4,
    3.4,
    3.4,
    3.4,
    3.4,
    3.4,
    3.4,
    3.6,
    3.6,
    3.6,
    3.8,
    4.0,
    4.0,
    4.0,
    4.0,
    4.2,
    4.2,
    4.6,
    4.6,
    4.6,
    4.6,
    4.6,
    4.6,
    4.6,
    4.8,
    5.0,
    5.2,
    5.6,
    5.6,
    5.6,
    5.8,
    5.8,
    5.8,
    5.8,
    5.8,
    6.0,
    6.0,
    6.0,
    5.8,
    6.0,
    6.0,
    6.0,
    6.0,
    6.0,
    6.0,
    6.0,
    6.0,
    6.0,
    6.0,
    6.2,
    6.2,
    6.6,
    6.6,
    6.4,
    6.6,
    6.8,
    6.8,
    6.8,
    7.2,
    7.4,
    7.6,
    7.6,
    7.6,
    7.6,
    7.8,
    7.8,
    8.4,
    8.6,
    8.6,
    8.2,
    8.2,
    8.4,
    9.2,
    9.6,
    9.8,
    9.8,
    10.0,
    10.2,
    10.2,
    10.2
  ],
  "latlng": [
    [
      43.443059,
      3.692271
    ],
    [
      43.4431,
      3.69249
    ],
    [
      43.443149,
      3.692635
    ],
    [
      43.443241,
      3.692688
    ],
    [
      43.443281,
      3.692686
    ],
    [
      43.443607,
      3.692605
    ],
    [
      43.443802,
      3.692579
    ],
    [
      43.443834,
      3.692605
    ],
    [
      43.443955,
      3.692816
    ],
    [
      43.444111,
      3.693152
    ],
    [
      43.444133,
      3.693209
    ],
    [
      43.444176,
      3.693321
    ],
    [
      43.444204,
      3.693447
    ],
    [
      43.444218,
      3.69359
    ],
    [
      43.44424,
      3.693726
    ],
    [
      43.444303,
      3.693964
    ],
    [
      43.444437,
      3.694463
    ],
    [
      43.444457,
      3.694514
    ],
    [
      43.444519,
      3.694573
    ],
    [
      43.444634,
      3.694566
    ],
    [
      43.444676,
      3.694551
    ],
    [
      43.444848,
      3.694455
    ],
    [
      43.444889,
      3.694434
    ],
    [
      43.445109,
      3.694306
    ],
    [
      43.445321,
      3.694184
    ],
    [
      43.44551,
      3.694065
    ],
    [
      43.445548,
      3.694059
    ],
    [
      43.44559,
      3.694061
    ],
    [
      43.44575,
      3.694085
    ],
    [
      43.445833,
      3.694122
    ],
    [
      43.445883,
      3.694169
    ],
    [
      43.445961,
      3.694271
    ],
    [
      43.446066,
      3.694339
    ],
    [
      43.446218,
      3.694367
    ],
    [
      43.446287,
      3.694407
    ],
    [
      43.446356,
      3.694425
    ],
    [
      43.446391,
      3.69441
    ],
    [
      43.446751,
      3.694184
    ],
    [
      43.447155,
      3.693973
    ],
    [
      43.447527,
      3.693781
    ],
    [
      43.447679,
      3.693707
    ],
    [
      43.448125,
      3.693463
    ],
    [
      43.448326,
      3.693342
    ],
    [
      43.448579,
      3.693199
    ],
    [
      43.448679,
      3.69314
    ],
    [
      43.449207,
      3.692807
    ],
    [
      43.449256,
      3.692777
    ],
    [
      43.449724,
      3.69249
    ],
    [
      43.450221,
      3.692175
    ],
    [
      43.450257,
      3.692145
    ],
    [
      43.450346,
      3.692104
    ],
    [
      43.450425,
      3.692057
    ],
    [
      43.450492,
      3.691997
    ],
    [
      43.450611,
      3.691917
    ],
    [
      43.450664,
      3.691892
    ],
    [
      43.450849,
      3.691785
    ],
    [
      43.4509,
      3.691763
    ],
    [
      43.451003,
      3.691717
    ],
    [
      43.451119,
      3.691633
    ],
    [
      43.45116,
      3.691598
    ],
    [
      43.451292,
      3.691511
    ],
    [
      43.451383,
      3.691476
    ],
    [
      43.451426,
      3.69146
    ],
    [
      43.451475,
      3.691436
    ],
    [
      43.451568,
      3.691402
    ],
    [
      43.451613,
      3.691384
    ],
    [
      43.451706,
      3.691351
    ],
    [
      43.451844,
      3.691304
    ],
    [
      43.45194,
      3.691246
    ],
    [
      43.452204,
      3.691108
    ],
    [
      43.452256,
      3.691093
    ],
    [
      43.45231,
      3.691083
    ],
    [
      43.452482,
      3.691056
    ],
    [
      43.452533,
      3.691039
    ],
    [
      43.45263,
      3.691006
    ],
    [
      43.452773,
      3.69096
    ],
    [
      43.45311,
      3.690829
    ],
    [
      43.453292,
      3.690753
    ],
    [
      43.453387,
      3.6907
    ],
    [
      43.453387,
      3.6907
    ],
    [
      43.45353,
      3.690627
    ],
    [
      43.453561,
      3.690615
    ],
    [
      43.453497,
      3.69064
    ],
    [
      43.453516,
      3.690637
    ],
    [
      43.453531,
      3.690629
    ],
    [
      43.453547,
      3.69062
    ],
    [
      43.453562,
      3.690611
    ],
    [
      43.453683,
      3.690562
    ],
    [
      43.454173,
      3.690399
    ],
    [
      43.454727,
      3.690205
    ],
    [
      43.454778,
      3.69019
    ],
    [
      43.455218,
      3.690047
    ],
    [
      43.455372,
      3.689995
    ],
    [
      43.455765,
      3.689854
    ],
    [
      43.455885,
      3.68981
    ],
    [
      43.455982,
      3.689775
    ],
    [
      43.456053,
      3.68975
    ],
    [
      43.45608,
      3.689745
    ],
    [
      43.456164,
      3.689716
    ],
    [
      43.456358,
      3.689648
    ],
    [
      43.456395,
      3.689634
    ],
    [
      43.456649,
      3.689538
    ],
    [
      43.45676,
      3.689488
    ],
    [
      43.457,
      3.689402
    ],
    [
      43.457249,
      3.689317
    ],
    [
      43.457332,
      3.689287
    ],
    [
      43.457415,
      3.689253
    ],
    [
      43.4575,
      3.689221
    ],
    [
      43.457846,
      3.689096
    ],
    [
      43.458263,
      3.688946
    ],
    [
      43.458305,
      3.688931
    ],
    [
      43.458424,
      3.688885
    ],
    [
      43.458497,
      3.688871
    ],
    [
      43.458539,
      3.688859
    ],
    [
      43.458692,
      3.688785
    ],
    [
      43.458774,
      3.688755
    ],
    [
      43.459014,
      3.68867
    ],
    [
      43.459093,
      3.68864
    ],
    [
      43.459243,
      3.688588
    ],
    [
      43.4594,
      3.688539
    ],
    [
      43.459539,
      3.688561
    ],
    [
      43.459633,
      3.688514
    ],
    [
      43.45978,
      3.688426
    ],
    [
      43.459903,
      3.6884
    ],
    [
      43.460007,
      3.688363
    ],
    [
      43.460044,
      3.688352
    ],
    [
      43.46025,
      3.688307
    ],
    [
      43.460466,
      3.688332
    ],
    [
      43.460522,
      3.688341
    ],
    [
      43.460522,
      3.688341
    ]
  ],