{
  "altitude": [
    38.3,
    38.5,
    38.8,
    38.8,
    38.9,
    39.0,
    39.2,
    40.6,
    40.4,
    40.2,
    41.0,
    41.0,
    41.0,
    41.0,
    41.0,
    40.6,
    40.4,
    40.4,
    40.1,
    40.1,
    40.3,
    40.4,
    40.9,
    41.1,
    41.0
  ],
  "latlng": [
    [
      43.610646,
      3.881861
    ],
    [
      43.610645,
      3.881868
    ],
    [
      43.61051,
      3.882411
    ],
    [
      43.610506,
      3.882427
    ],
    [
      43.610501,
      3.882462
    ],
    [
      43.610508,
      3.882658
    ],
    [
      43.610669,
      3.882742
    ],
    [
      43.61084,
      3.882638
    ],
    [
      43.611022,
      3.882647
    ],
    [
      43.611211,
      3.882639
    ],
    [
      43.611383,
      3.88266
    ],
    [
      43.61141,
      3.882732
    ],
    [
      43.61144,
      3.882977
    ],
    [
      43.611496,
      3.883205
    ],
    [
      43.611672,
      3.88323
    ],
    [
      43.611787,
      3.883188
    ],
    [
      43.611974,
      3.883164
    ],
    [
      43.612015,
      3.883157
    ],
    [
      43.612192,
      3.883119
    ],
    [
      43.61226,
      3.883121
    ],
    [
      43.612447,
      3.883144
    ],
    [
      43.612488,
      3.883156
    ],
    [
      43.612599,
      3.88312
    ],
    [
      43.612658,
      3.883111
    ],
    [
      43.61271,
      3.88313
    ]
  ],
  "moving": [
    false,
    false,
    false,
    true,
    true,
    true,
    true,
    true,
    true,
    true,
    true,
    true,
    true,
    true,
    true,
    true,
    true,
    true,
    true,
    true,
    true,
    true,
    true,
    true,
    true
  ],
  "cadence": [
    0,
    0,
    55,
    55,
    53,
    57,
    55,
    57,
    57,
    56,
    56,
    55,
    57,
    56,
    56,
    57,
    56,
    57,
    57,
    56,
    55,
    51,
    56,
    54,
    50
  ],
  "velocity_smooth": [
    0.0,
    0.4,
    0.0,
    0.1,
    0.1,
    1.4,
    1.3,
    1.3,
    1.4,
    1.6,
    1.6,
    1.5,
    1.6,
    1.6,
    1.3,
    1.2,
    1.4,
    1.5,
    1.5,
    1.5,
    1.6,
    1.5,
    1.3,
    1.4,
    1.4
  ],
  "time": [
    0,
    1,
    41,
    42,
    44,
    56,
    71,
    87,
    100,
    113,
    126,
    131,
    143,
    156,
    174,
    184,
    198,
    201,
    214,
    219,
    232,
    236,
    245,
    250,
    254
  ],
  "heartrate": [
    62,
    62,
    82,
    82,
    85,
    82,
    83,
    83,
    83,
    83,
    84,
    81,
    78,
    79,
    81,
    84,
    79,
    76,
    76,
    79,
    77,
    80,
    84,
    87,
    89
  ],
  "grade_smooth": [
    16.1,
    10.0,
    3.2,
    2.3,
    1.0,
    3.0,
    1.9,
    1.5,
    2.2,
    0.6,
    0.9,
    1.2,
    0.0,
    -0.5,
    -0.8,
    -1.0,
    -1.5,
    -0.9,
    -0.2,
    0.0,
    1.7,
    2.2,
    2.3,
    2.4,
    0.8
  ],
  "distance": [
    0.8,
    1.2,
    2.5,
    3.9,
    6.8,
    22.9,
    43.0,
    63.7,
    83.9,
    105.0,
    125.4,
    131.9,
    152.1,
    172.1,
    192.3,
    205.5,
    226.3,
    230.9,
    251.1,
    258.6,
    279.9,
    284.6,
    297.3,
    304.0,
    310.1
  ]
}