{
  "altitude": [
    -29.6,
    2.2,
    3.4,
    4.4,
    4.4,
    3.4,
    3.4,
    4.0,
    4.0,
    3.4,
    3.4,
    3.8,
    3.8,
    3.8,
    3.8,
    3.2,
    3.2,
    2.6,
    2.6,
    2.8,
    2.8,
    2.6,
    2.6,
    2.6,
    2.6,
    2.6,
    3.0,
    3.0,
    3.2,
    2.6,
    2.4,
    2.4,
    2.6,
    3.0,
    3.0,
    2.8,
    2.8,
    2.8,
    3.2,
    3.6,
    3.8,
    4.0,
    3.8,
    3.6,
    3.2,
    3.8,
    3.2,
    4.0,
    4.2,
    4.0,
    3.6,
    3.4,
    4.0,
    4.2,
    4.6,
    4.6,
    5.4,
    4.8,
    5.4,
    5.6,
    6.4,
    6.6,
    6.8,
    6.2,
    6.4,
    6.4,
    6.6,
    7.2,
    7.2,
    7.8,
    9.0,
    9.6,
    9.0,
    7.8,
    6.8,
    6.8,
    6.2,
    5.8,
    5.2,
    4.6,
    4.4,
    4.2,
    4.2,
    4.0,
    3.8,
    3.6,
    3.6,
    3.4,
    3.4,
    3.2,
    3.2,
    3.2,
    3.2,
    3.4,
    3.4,
    3.2,
    3.0,
    2.8,
    2.8,
    2.8,
    2.8,
    2.8,
    2.8,
    2.8,
    2.6,
    1.8,
    1.8,
    2.0,
    2.0,
    2.2,
    2.4,
    2.8,
    3.0,
    2.6,
    2.8,
    2.8,
    3.0,
    3.2,
    3.6,
    4.6,
    5.4,
    5.8,
    6.2,
    6.6,
    7.4,
    7.8,
    8.4,
    9.2,
    9.4,
    10.0,
    10.4,
    10.8,
    11.6,
    11.8,
    11.8,
    12.0,
    12.0,
    12.0,
    12.0,
    11.6,
    11.2,
    10.2,
    8.4,
    6.6,
    5.8,
    5.6,
    5.4,
    5.2,
    6.6,
    6.0,
    5.8,
    5.8,
    5.6,
    6.2,
    5.6,
    5.6,
    5.4,
    5.2,
    4.8,
    4.8,
    4.6,
    4.4,
    4.6,
    4.6,
    4.6,
    4.8,
    5.0,
    5.0,
    4.8,
    4.8,
    4.8
  ],
  "latlng": [
    [
      43.443382,
      3.696945
    ],
    [
      43.443382,
      3.696945
    ],
    [
      43.443478,
      3.696989
    ],
    [
      43.443409,
      3.697114
    ],
    [
      43.443358,
      3.697162
    ],
    [
      43.443127,
      3.697352
    ],
    [
      43.442882,
      3.697574
    ],
    [
      43.442424,
      3.697969
    ],
    [
      43.442024,
      3.698234
    ],
    [
      43.44151,
      3.698566
    ],
    [
      43.441465,
      3.698596
    ],
    [
      43.441013,
      3.698859
    ],
    [
      43.440495,
      3.699117
    ],
    [
      43.440391,
      3.699168
    ],
    [
      43.439842,
      3.699443
    ],
    [
      43.439315,
      3.699701
    ],
    [
      43.439222,
      3.699744
    ],
    [
      43.438697,
      3.700013
    ],
    [
      43.438549,
      3.70008
    ],
    [
      43.43816,
      3.700279
    ],
    [
      43.438065,
      3.700325
    ],
    [
      43.437536,
      3.700593
    ],
    [
      43.437487,
      3.700616
    ],
    [
      43.436964,
      3.700879
    ],
    [
      43.436915,
      3.700901
    ],
    [
      43.436488,
      3.701112
    ],
    [
      43.435962,
      3.701374
    ],
    [
      43.435917,
      3.701397
    ],
    [
      43.435476,
      3.701623
    ],
    [
      43.434946,
      3.701883
    ],
    [
      43.434532,
      3.702091
    ],
    [
      43.434482,
      3.702115
    ],
    [
      43.434003,
      3.702351
    ],
    [
      43.433636,
      3.702533
    ],
    [
      43.4336,
      3.702558
    ],
    [
      43.433454,
      3.702653
    ],
    [
      43.433367,
      3.702687
    ],
    [
      43.432932,
      3.702898
    ],
    [
      43.432508,
      3.703155
    ],
    [
      43.432114,
      3.703452
    ],
    [
      43.4318,
      3.703763
    ],
    [
      43.431685,
      3.703887
    ],
    [
      43.431448,
      3.704133
    ],
    [
      43.43106,
      3.704535
    ],
    [
      43.430759,
      3.704796
    ],
    [
      43.430442,
      3.70505
    ],
    [
      43.430022,
      3.705303
    ],
    [
      43.429606,
      3.705558
    ],
    [
      43.429139,
      3.705821
    ],
    [
      43.428757,
      3.70604
    ],
    [
      43.428426,
      3.706244
    ],
    [
      43.42789,
      3.706544
    ],
    [
      43.427462,
      3.706789
    ],
    [
      43.427374,
      3.706846
    ],
    [
      43.427031,
      3.707048
    ],
    [
      43.426988,
      3.707074
    ],
    [
      43.426506,
      3.707344
    ],
    [
      43.4261,
      3.707593
    ],
    [
      43.42562,
      3.707823
    ],
    [
      43.425328,
      3.707941
    ],
    [
      43.42519,
      3.708
    ],
    [
      43.425054,
      3.708052
    ],
    [
      43.424823,
      3.708151
    ],
    [
      43.42431,
      3.708343
    ],
    [
      43.424234,
      3.708382
    ],
    [
      43.424195,
      3.708401
    ],
    [
      43.424102,
      3.708429
    ],
    [
      43.423569,
      3.708634
    ],
    [
      43.423522,
      3.708656
    ],
    [
      43.423375,
      3.708708
    ],
    [
      43.423143,
      3.708802
    ],
    [
      43.423095,
      3.70882
    ],
    [
      43.422603,
      3.70901
    ],
    [
      43.422497,
      3.70905
    ],
    [
      43.422105,
      3.709202
    ],
    [
      43.422048,
      3.709224
    ],
    [
      43.421577,
      3.709381
    ],
    [
      43.421376,
      3.709361
    ],
    [
      43.421242,
      3.709363
    ],
    [
      43.420849,
      3.709392
    ],
    [
      43.420723,
      3.709393
    ],
    [
      43.420201,
      3.709353
    ],
    [
      43.419639,
      3.709257
    ],
    [
      43.41909,
      3.70908
    ],
    [
      43.418873,
      3.708997
    ],
    [
      43.418447,
      3.708804
    ],
    [
      43.418288,
      3.708722
    ],
    [
      43.417818,
      3.708415
    ],
    [
      43.417419,
      3.708073
    ],
    [
      43.417004,
      3.707623
    ],
    [
      43.416593,
      3.707047
    ],
    [
      43.41652,
      3.706926
    ],
    [
      43.416249,
      3.706433
    ],
    [
      43.415958,
      3.705843
    ],
    [
      43.415735,
      3.705272
    ],
    [
      43.415571,
      3.704825
    ],
    [
      43.415412,
      3.704166
    ],
    [
      43.415252,
      3.703375
    ],
    [
      43.415232,
      3.703284
    ],
    [
      43.415068,
      3.702485
    ],
    [
      43.41505,
      3.702398
    ],
    [
      43.414897,
      3.701631
    ],
    [
      43.414849,
      3.701379
    ],
    [
      43.414698,
      3.700617
    ],
    [
      43.414666,
      3.700446
    ],
    [
      43.414507,
      3.699651
    ],
    [
      43.414491,
      3.699562
    ],
    [
      43.414329,
      3.698757
    ],
    [
      43.414311,
      3.698668
    ],
    [
      43.414155,
      3.697864
    ],
    [
      43.414121,
      3.697688
    ],
    [
      43.413962,
      3.696896
    ],
    [
      43.413926,
      3.696716
    ],
    [
      43.413762,
      3.695917
    ],
    [
      43.413746,
      3.695828
    ],
    [
      43.41359,
      3.695049
    ],
    [
      43.413423,
      3.694323
    ],
    [
      43.413394,
      3.694175
    ],
    [
      43.413362,
      3.693965
    ],
    [
      43.413321,
      3.693764
    ],
    [
      43.413315,
      3.693696
    ],
    [
      43.413303,
      3.693559
    ],
    [
      43.413256,
      3.693362
    ],
    [
      43.413232,
      3.6933
    ],
    [
      43.413178,
      3.693189
    ],
    [
      43.413111,
      3.693096
    ],
    [
      43.41303,
      3.69303
    ],
    [
      43.412984,
      3.693005
    ],
    [
      43.412934,
      3.692981
    ],
    [
      43.412831,
      3.692945
    ],
    [
      43.41278,
      3.692938
    ],
    [
      43.412675,
      3.692942
    ],
    [
      43.412472,
      3.692995
    ],
    [
      43.412321,
      3.693067
    ],
    [
      43.412126,
      3.69319
    ],
    [
      43.411995,
      3.693327
    ],
    [
      43.411897,
      3.693509
    ],
    [
      43.411879,
      3.693579
    ],
    [
      43.411872,
      3.693656
    ],
    [
      43.411914,
      3.69379
    ],
    [
      43.412022,
      3.693838
    ],
    [
      43.412128,
      3.693736
    ],
    [
      43.412137,
      3.693554
    ],
    [
