{
  "altitude": [
    4.2,
    4.2,
    4.2,
    4.4,
    4.4,
    4.4,
    4.4,
    4.6,
    4.6,
    4.6,
    4.6,
    4.6,
    5.0,
    4.8,
    4.8,
    4.6,
    4.6,
    4.6,
    4.6,
    4.6,
    4.6,
    4.6,
    4.6,
    4.6,
    4.6,
    4.6,
    4.6,
    4.6,
    4.6,
    4.6,
    4.6,
    4.6,
    4.6,
    4.4,
    4.4,
    4.2,
    4.0,
    4.0,
    4.0,
    4.0,
    4.0,
    4.0,
    4.0,
    4.2,
    4.2,
    4.4,
    4.4,
    4.4,
    4.6,
    4.6,
    4.6,
    4.8,
    4.8,
    5.0,
    4.8,
    4.6,
    4.6,
    4.6,
    4.6,
    4.4,
    4.4,
    4.2,
    4.0
  ],
  "latlng": [
    [
      42.240874,
      3.122861
    ],
    [
      42.240874,
      3.122859
    ],
    [
      42.240874,
      3.122856
    ],
    [
      42.240874,
      3.122854
    ],
    [
      42.240874,
      3.122851
    ],
    [
      42.240874,
      3.122849
    ],
    [
      42.240874,
      3.122846
    ],
    [
      42.240874,
      3.122844
    ],
    [
      42.240874,
      3.122842
    ],
    [
      42.240874,
      3.122839
    ],
    [
      42.240874,
      3.122837
    ],
    [
      42.240874,
      3.122834
    ],
    [
      42.240874,
      3.122832
    ],
    [
      42.240874,
      3.122829
    ],
    [
      42.240873,
      3.122798
    ],
    [
      42.24087,
      3.122764
    ],
    [
      42.240863,
      3.122705
    ],
    [
      42.240857,
      3.122662
    ],
    [
      42.240851,
      3.122622
    ],
    [
      42.240847,
      3.122581
    ],
    [
      42.240848,
      3.122538
    ],
    [
      42.240852,
      3.122494
    ],
    [
      42.240861,
      3.122451
    ],
    [
      42.240874,
      3.122408
    ],
    [
      42.240888,
      3.122365
    ],
    [
      42.240903,
      3.122322
    ],
    [
      42.240918,
      3.122279
    ],
    [
      42.240932,
      3.122236
    ],
    [
      42.240948,
      3.122193
    ],
    [
      42.240964,
      3.122151
    ],
    [
      42.24098,
      3.122109
    ],
    [
      42.240997,
      3.122068
    ],
    [
      42.241014,
      3.122026
    ],
    [
      42.24103,
      3.121984
    ],
    [
      42.241047,
      3.121942
    ],
    [
      42.241063,
      3.1219
    ],
    [
      42.24108,
      3.121859
    ],
    [
      42.241097,
      3.121818
    ],
    [
      42.241112,
      3.121778
    ],
    [
      42.241128,
      3.121738
    ],
    [
      42.241145,
      3.121699
    ],
    [
      42.241164,
      3.121662
    ],
    [
      42.241187,
      3.121629
    ],
    [
      42.241214,
      3.121606
    ],
    [
      42.241246,
      3.121597
    ],
    [
      42.241279,
      3.121602
    ],
    [
      42.24131,
      3.121617
    ],
    [
      42.241341,
      3.121637
    ],
    [
      42.241373,
      3.12166
    ],
    [
      42.241406,
      3.121683
    ],
    [
      42.241439,
      3.121707
    ],
    [
      42.241473,
      3.121731
    ],
    [
      42.241508,
      3.121755
    ],
    [
      42.241543,
      3.121781
    ],
    [
      42.241577,
      3.121807
    ],
    [
      42.241611,
      3.121832
    ],
    [
      42.241644,
      3.121856
    ],
    [
      42.241677,
      3.121878
    ],
    [
      42.241709,
      3.1219
    ],
    [
      42.241742,
      3.12192
    ],
    [
      42.241775,
      3.121939
    ],
    [
      42.241809,
      3.121957
    ],
    [
      42.241876,
      3.121993
    ]
  ],
  "moving": [
    false,
    true,
    true,
    true,
    true,
    true,
    true,
    true,
    true,
    true,
    true,
    true,
    false,
    true,
    true,
    true,
    true,
    true,
    true,
    true,
    true,
    true,
    true,
    true,
    true,
    true,
    true,
    true,
    true,
    true,
    true,
    true,
    true,
    true,
    true,
    true,
    true,
    true,
    true,
    true,
    true,
    true,
    true,
    true,
    true,
    true,
    true,
    true,
    true,
    true,
    true,
    true,
    true,
    true,
    true,
    true,
    true,
    true,
    true,
    true,
    true,
    true,
    true
  ],
  "temp": [
    17,
    17,
    17,
    17,
    17,
    17,
    17,
    17,
    17,
    17,
    17,
    17,
    17,
    17,
    17,
    17,
    17,
    17,
    17,
    17,
    17,
    17,
    17,
    17,
    17,
    17,
    17,
    17,
    17,
    17,
    17,
    17,
    17,
    17,
    17,
    17,
    17,
    17,
    17,
    17,
    17,
    17,
    17,
    17,
    17,
    17,
    17,
    17,
    17,
    17,
    17,
    17,
    17,
    17,
    17,
    17,
    17,
    17,
    17,
    17,
    17,
    17,
    17
  ],
  "velocity_smooth": [
    0.0,
    1.077,
    1.077,
    1.077,
    1.077,
    1.077,
    1.077,
    1.077,
    1.077,
    1.077,
    1.077,
    1.077,
    0.127,
    0.127,
    0.286,
    0.429,
    0.558,
    0.558,
    3.1,
    3.2,
    3.3,
    3.4,
    3.6,
    3.7,
    3.7,
    3.7,
    3.8,
    3.8,
    3.8,
    3.9,
    4.0,
    4.0,
    4.0,
    4.0,
    3.9,
    3.8,
    3.8,
    3.8,
    3.8,
    3.9,
    3.9,
    3.8,
    3.8,
    3.8,
    3.7,
    3.7,
    3.7,
    3.6,
    3.6,
    3.7,
    3.9,
    4.1,
    4.3,
    4.4,
    4.4,
    4.3,
    4.3,
    4.3,
    4.2,
    4.2,
    4.2,
    4.1,
    4.04
  ],
  "time": [
    0,
    1,
    2,
    3,
    4,
    5,
    6,
    7,
    8,
    9,
    10,
    11,
    27,
    28,
    29,
    30,
    31,
    32,
    33,
    34,
    35,
    36,
    37,
    38,
    39,
    40,
    41,
    42,
    43,
    44,
    45,
    46,
    47,
    48,
    49,
    50,
    51,
    52,
    53,
    54,
    55,
    56,
    57,
    58,
    59,
    60,
    61,
    62,
    63,
    64,
    65,
    66,
    67,
    68,
    69,
    70,
    71,
    72,
    73,
    74,
    75,
    76,
    77
  ],
  "grade_smooth": [
    3.7,
    3.1,
    5.3,
    4.6,
    4.1,
    3.7,
    3.7,
    7.4,
    3.7,
    3.2,
    3.8,
    0.0,
    0.0,
    0.0,
    -4.0,
    -1.7,
    -1.6,
    0.0,
    0.0,
    0.0,
    0.0,
    0.0,
    0.0,
    0.0,
    0.0,
    0.0,
    0.0,
    0.0,
    0.0,
    0.0,
    0.0,
    -1.2,
    -1.3,
    -2.7,
    -4.0,
    -2.7,
    -2.6,
    -1.3,
    0.0,
    0.0,
    0.0,
    1.3,
    1.3,
    2.7,
    2.8,
    1.4,
    2.8,
    1.3,
    1.2,
    2.4,
    1.1,
    2.2,
    1.1,
    -1.2,
    -1.2,
    -2.4,
    -1.2,
    -1.2,
    -1.2,
    -2.5,
    -3.7,
    -3.3,
    -4.9
  ],
  "distance": [
    0.0,
    1.1,
    2.2,
    3.2,
    4.3,
    5.4,
    6.5,
    7.5,
    8.6,
    9.7,
    10.8,
    11.8,
    12.9,
    14.0,
    17.0,
    20.0,
    23.0,
    26.0,
    29.5,
    33.0,
    36.5,
    40.0,
    44.0,
    48.0,
    51.5,
    55.0,
    59.0,
    63.0,
    67.0,
    71.0,
    75.0,
    79.0,
    83.0,
    87.0,
    90.5,
    94.0,
    98.0,
    102.0,
    106.0,
    110.0,
    113.5,
    117.0,
    121.0,
    125.0,
    128.5,
    132.0,
    135.5,
    139.0,
    143.0,
    147.0,
    151.5,
    156.0,
    160.5,
    165.0,
    169.0,
    173.0,
    177.5,
    182.0,
    186.0,
    190.0,
    194.0,
    198.0,
    202.2
  ]
}