{
  "altitude": [
    5.6,
    5.6,
    5.6,
    5.2,
    5.0,
    5.0,
    5.0
  ],
  "latlng": [
    [
      42.240475,
      3.123677
    ],
    [
      42.240489,
      3.123655
    ],
    [
      42.240503,
      3.123634
    ],
    [
      42.240518,
      3.123612
    ],
    [
      42.240532,
      3.123591
    ],
    [
      42.240546,
      3.123569
    ],
    [
      42.240572,
      3.123503
    ]
  ],
  "moving": [
    false,
    true,
    true,
    true,
    true,
    true,
    true
  ],
  "velocity_smooth": [
    0.0,
    1.6,
    1.6,
    1.6,
    1.6,
    1.6,
    2.88
  ],
  "time": [
    0,
    1,
    2,
    3,
    4,
    5,
    6
  ],
  "grade_smooth": [
    -8.3,
    -9.4,
    -7.5,
    -3.7,
    -4.7,
    -1.8,
    0.0
  ],
  "distance": [
    0.0,
    1.6,
    3.2,
    4.8,
    6.4,
    8.0,
    16.0
  ]
}