{
  "altitude": [
    9.4,
    9.4,
    9.4,
    9.4,
    9.2,
    9.4,
    9.6,
    9.6,
    9.6,
    9.6,
    9.6,
    9.6,
    9.4,
    9.2,
    9.2,
    9.0,
    9.0,
    8.8,
    8.8,
    8.8,
    9.2,
    9.2,
    9.4,
    9.4,
    9.2,
    9.2,
    9.2,
    8.8,
    8.8,
    8.6,
    8.6,
    8.6,
    8.6,
    8.6,
    8.6,
    8.6,
    8.6,
    8.6,
    8.6,
    8.4,
    8.4,
    8.4,
    8.4,
    8.4,
    8.6,
    8.6,
    8.8,
    8.8,
    9.2,
    9.2,
    9.4,
    9.4,
    9.4,
    9.4,
    9.4,
    9.2,
    9.0,
    8.8,
    8.8,
    8.8,
    8.8,
    8.8,
    8.8,
    8.8,
    8.8,
    8.8,
    8.8,
    8.8,
    8.8,
    8.6,
    8.6,
    8.6,
    8.6,
    8.8,
    8.8,
    8.8,
    8.8,
    8.8,
    8.8,
    8.8,
    8.8,
    9.0,
    9.0,
    9.0,
    9.2,
    9.2,
    9.2,
    9.2,
    9.2,
    9.2,
    9.2,
    9.2,
    9.2,
    9.0,
    8.8,
    8.8,
    8.8,
    8.8,
    8.8,
    8.8,
    8.6,
    8.6,
    8.6,
    8.6,
    8.6,
    8.4,
    8.4,
    8.4,
    8.4,
    8.4,
    8.2,
    8.2,
    8.2,
    8.2,
    8.2,
    8.2,
    8.0,
    8.0,
    8.0,
    8.0,
    8.0,
    8.0,
    8.0,
    8.0,
    8.0,
    8.2,
    8.2,
    8.2,
    8.2,
    8.2,
    8.2,
    8.4,
    8.4,
    8.4,
    8.4,
    8.4,
    8.4,
    8.4,
    8.4,
    8.4,
    8.6,
    8.6,
    8.6,
    8.6,
    8.6,
    8.6,
    8.6,
    8.6
  ],
  "latlng": [
    [
      43.443141,
      3.690423
    ],
    [
      43.443143,
      3.69042
    ],
    [
      43.443144,
      3.690417
    ],
    [
      43.443146,
      3.690414
    ],
    [
      43.443147,
      3.690411
    ],
    [
      43.443149,
      3.690408
    ],
    [
      43.44315,
      3.690405
    ],
    [
      43.443152,
      3.690403
    ],
    [
      43.443153,
      3.6904
    ],
    [
      43.443155,
      3.690397
    ],
    [
      43.443156,
      3.690394
    ],
    [
      43.443158,
      3.690391
    ],
    [
      43.443159,
      3.690388
    ],
    [
      43.443161,
      3.690385
    ],
    [
      43.44318,
      3.690347
    ],
    [
      43.443205,
      3.690312
    ],
    [
      43.443231,
      3.690278
    ],
    [
      43.44326,
      3.690247
    ],
    [
      43.443289,
      3.690217
    ],
    [
      43.443318,
      3.690187
    ],
    [
      43.443345,
      3.690159
    ],
    [
      43.443372,
      3.690132
    ],
    [
      43.443399,
      3.690106
    ],
    [
      43.443426,
      3.69008
    ],
    [
      43.443451,
      3.690055
    ],
    [
      43.443474,
      3.690031
    ],
    [
      43.443474,
      3.690031
    ],
    [
      43.443474,
      3.690031
    ],
    [
      43.443517,
      3.689985
    ],
    [
      43.443559,
      3.689939
    ],
    [
      43.443602,
      3.689893
    ],
    [
      43.443636,
      3.689862
    ],
    [
      43.443664,
      3.689836
    ],
    [
      43.443691,
      3.689811
    ],
    [
      43.443717,
      3.689784
    ],
    [
      43.443744,
      3.689756
    ],
    [
      43.443771,
      3.689726
    ],
    [
      43.443798,
      3.689697
    ],
    [
      43.443825,
      3.689669
    ],
    [
      43.443853,
      3.689643
    ],
    [
      43.443881,
      3.689617
    ],
    [
      43.443909,
      3.689589
    ],
    [
      43.443936,
      3.689559
    ],
    [
      43.443963,
      3.689528
    ],
    [
      43.443992,
      3.689498
    ],
    [
      43.444022,
      3.689469
    ],
    [
      43.444052,
      3.689441
    ],
    [
      43.444083,
      3.689413
    ],
    [
      43.444114,
      3.689385
    ],
    [
      43.444144,
      3.689357
    ],
    [
      43.444174,
      3.689329
    ],
    [
      43.444203,
      3.689304
    ],
    [
      43.444234,
      3.689284
    ],
    [
      43.444266,
      3.689267
    ],
    [
      43.444299,
      3.689255
    ],
    [
      43.444334,
      3.689249
    ],
    [
      43.444369,
      3.68925
    ],
    [
      43.444402,
      3.68926
    ],
    [
      43.444436,
      3.689276
    ],
    [
      43.444468,
      3.689296
    ],
    [
      43.444497,
      3.689316
    ],
    [
      43.444522,
      3.68933
    ],
    [
      43.44454,
      3.689339
    ],
    [
      43.44454,
      3.689337
    ],
    [
      43.444534,
      3.689333
    ],
    [
      43.444529,
      3.689329
    ],
    [
      43.444523,
      3.689326
    ],
    [
      43.444517,
      3.689322
    ],
    [
      43.444511,
      3.689318
    ],
    [
      43.444505,
      3.689314
    ],
    [
      43.444499,
      3.68931
    ],
    [
      43.444494,
      3.689306
    ],
    [
      43.444488,
      3.689303
    ],
    [
      43.444482,
      3.689299
    ],
    [
      43.444476,
      3.689295
    ],
    [
      43.444439,
      3.689276
    ],
    [
      43.444407,
      3.689266
    ],
    [
      43.444373,
      3.68926
    ],
    [
      43.444339,
      3.689261
    ],
    [
      43.444304,
      3.689267
    ],
    [
      43.444271,
      3.689275
    ],
    [
      43.444239,
      3.689285
    ],
    [
      43.444209,
      3.689301
    ],
    [
      43.444181,
      3.689322
    ],
    [
      43.444155,
      3.689347
    ],
    [
      43.444155,
      3.689347
    ],
    [
      43.444155,
      3.689347
    ],
    [
      43.44412,
      3.689383
    ],
    [
      43.444084,
      3.689418
    ],
    [
      43.444049,
      3.689454
    ],
    [
      43.444013,
      3.68949
    ],
    [
      43.443974,
      3.68953
    ],
    [
      43.44394,
      3.689562
    ],
    [
      43.443906,
      3.689595
    ],
    [
      43.443871,
      3.689631
    ],
    [
      43.443836,
      3.689665
    ],
    [
      43.443801,
      3.6897
    ],
    [
      43.443766,
      3.689734
    ],
    [
      43.443732,
      3.689769
    ],
    [
      43.443698,
      3.689806
    ],
    [
      43.443663,
      3.689843
    ],
    [
      43.443627,
      3.689879
    ],
    [
      43.443592,
      3.689915
    ],
    [
      43.443556,
      3.68995
    ],
    [
      43.443521,
      3.689985
    ],
    [
      43.443485,
      3.690019
    ],
    [
      43.443449,
      3.690054
    ],
    [
      43.443413,
      3.690088
    ],
    [
      43.443376,
      3.690123
    ],
    [
      43.443339,
      3.690156
    ],
    [
      43.443302,
      3.690191
    ],
    [
      43.443266,
      3.690226
    ],
    [
      43.443229,
      3.690263
    ],
    [
      43.443195,
      3.690303
    ],
    [
      43.443166,
      3.690345
    ],
    [
      43.443141,
      3.690389
    ],
    [
      43.443122,
      3.690435
    ],
    [
      43.443108,
      3.690482
    ],
    [
      43.443099,
      3.69053
    ],
    [
      43.443095,
      3.690579
    ],
    [
      43.443097,
      3.690627
    ],
    [
      43.443105,
      3.690675
    ],
    [
      43.443118,
      3.690723
    ],
    [
      43.443135,
      3.690769
    ],
    [
      43.443155,
      3.690813
    ],
    [
      43.443174,
      3.690854
    ],
    [
      43.443191,
      3.690892
    ],
    [
      43.443209,
      3.690921
    ],
    [
      43.443225,
      3.690934
    ],
    [
      43.443231,
      3.690931
    ],
    [
      43.443232,
      3.690923
    ],
    [
      43.443228,
      3.690909
    ],
    [
      43.443218,
      3.69089
    ],
    [
      43.4432,
      3.690858
    ],
    [
      43.443172,
      3.690804
    ],
    [
      43.443152,
      3.690764
    ],
    [
      43.443135,
      3.690723
    ],
    [
      43.443121,
      3.69068
    ],
    [
      43.443109,
      3.690636
    ],
    [
      43.443097,
      3.690593
    ],
    [
      43.443081,
      3.690556
    ],
    [
      43.44306,
      3.690529
    ],
    [
      43.443035,
      3.690513
    ],
    [
      43.443012,
      3.690505
    ],
    [
      43.442978,
      3.690505
    ],
    [
      43.442978,
      3.690505
    ],
    [
      43.442978,
      3.690505
    ],
    [
      43.442978,
      3.690505
    ]
