{
  "altitude": [
    12.8,
    12.8,
    13.2,
    13.2,
    13.2,
    13.2,
    13.2,
    13.4,
    13.4,
    13.4,
    13.4,
    13.4,
    13.4,
    13.2,
    13.2,
    12.8,
    12.8,
    12.6,
    12.6,
    12.6,
    12.6,
    12.4,
    12.4,
    12.4,
    12.2,
    12.2,
    12.2,
    12.2,
    12.2,
    12.2,
    12.4,
    12.4,
    12.6,
    12.6,
    12.6,
    12.6,
    12.6,
    12.6,
    12.6,
    12.6,
    12.6,
    12.4,
    12.4,
    12.4,
    12.4,
    12.4,
    12.4,
    12.4,
    12.4,
    12.4,
    12.6,
    12.6,
    12.6,
    12.6,
    12.6,
    12.6,
    12.4,
    12.4,
    12.4,
    12.4,
    12.2,
    12.2,
    12.2,
    12.2,
    12.2,
    12.0,
    12.0,
    12.2,
    12.2,
    12.4,
    12.6,
    12.6,
    12.6,
    12.8,
    12.8,
    13.0,
    13.0,
    13.0,
    12.8,
    12.8,
    12.8,
    12.8,
    12.8,
    12.8,
    12.8,
    12.8,
    13.0,
    13.0,
    13.0,
    13.0,
    12.8,
    12.8,
    12.8,
    12.6,
    12.6,
    12.6,
    12.4,
    12.4,
    12.2,
    12.2,
    12.0,
    11.8,
    11.8,
    11.8,
    12.2,
    12.2,
    12.2,
    12.4,
    12.2,
    12.2,
    11.4,
    11.4,
    11.4,
    11.6,
    11.6,
    11.6,
    11.8,
    12.2,
    12.4,
    12.6,
    12.6,
    12.6
  ],
  "latlng": [
    [
      43.442977,
      3.690515
    ],
    [
      43.442977,
      3.690515
    ],
    [
      43.442977,
      3.690515
    ],
    [
      43.442977,
      3.690515
    ],
    [
      43.442977,
      3.690515
    ],
    [
      43.442977,
      3.690515
    ],
    [
      43.442977,
      3.690515
    ],
    [
      43.442977,
      3.690515
    ],
    [
      43.44298,
      3.690519
    ],
    [
      43.442986,
      3.690525
    ],
    [
      43.442994,
      3.690531
    ],
    [
      43.443004,
      3.690536
    ],
    [
      43.443016,
      3.690541
    ],
    [
      43.44303,
      3.690546
    ],
    [
      43.443043,
      3.690555
    ],
    [
      43.443057,
      3.690566
    ],
    [
      43.443068,
      3.690581
    ],
    [
      43.443078,
      3.690597
    ],
    [
      43.443078,
      3.690597
    ],
    [
      43.44309,
      3.690624
    ],
    [
      43.443102,
      3.690652
    ],
    [
      43.443114,
      3.690679
    ],
    [
      43.443126,
      3.690706
    ],
    [
      43.443138,
      3.690734
    ],
    [
      43.44315,
      3.690761
    ],
    [
      43.443162,
      3.690788
    ],
    [
      43.443177,
      3.690819
    ],
    [
      43.443208,
      3.690875
    ],
    [
      43.443232,
      3.690918
    ],
    [
      43.443254,
      3.690961
    ],
    [
      43.443275,
      3.691004
    ],
    [
      43.443296,
      3.691047
    ],
    [
      43.443317,
      3.691089
    ],
    [
      43.44334,
      3.691126
    ],
    [
      43.443365,
      3.691158
    ],
    [
      43.443391,
      3.691186
    ],
    [
      43.443419,
      3.691213
    ],
    [
      43.443447,
      3.69124
    ],
    [
      43.443475,
      3.691267
    ],
    [
      43.443502,
      3.691289
    ],
    [
      43.44353,
      3.691304
    ],
    [
      43.443558,
      3.691311
    ],
    [
      43.443588,
      3.69131
    ],
    [
      43.443617,
      3.691303
    ],
    [
      43.443647,
      3.69129
    ],
    [
      43.443676,
      3.691272
    ],
    [
      43.443704,
      3.691252
    ],
    [
      43.44373,
      3.691233
    ],
    [
      43.443755,
      3.691213
    ],
    [
      43.443778,
      3.691192
    ],
    [
      43.443799,
      3.691168
    ],
    [
      43.443816,
      3.69114
    ],
    [
      43.443816,
      3.69114
    ],
    [
      43.443816,
      3.69114
    ],
    [
      43.443795,
      3.691146
    ],
    [
      43.443774,
      3.691152
    ],
    [
      43.443752,
      3.691158
    ],
    [
      43.443731,
      3.691165
    ],
    [
      43.443698,
      3.691207
    ],
    [
      43.443665,
      3.691237
    ],
    [
      43.443628,
      3.691258
    ],
    [
      43.443589,
      3.691273
    ],
    [
      43.443547,
      3.691283
    ],
    [
      43.443506,
      3.691284
    ],
    [
      43.443465,
      3.691271
    ],
    [
      43.443428,
      3.691244
    ],
    [
      43.443393,
      3.691208
    ],
    [
      43.443361,
      3.691167
    ],
    [
      43.443331,
      3.691121
    ],
    [
      43.443304,
      3.691072
    ],
    [
      43.443276,
      3.69102
    ],
    [
      43.443249,
      3.690967
    ],
    [
      43.443223,
      3.690913
    ],
    [
      43.443197,
      3.690861
    ],
    [
      43.443172,
      3.690811
    ],
    [
      43.443148,
      3.690764
    ],
    [
      43.443127,
      3.690719
    ],
    [
      43.443109,
      3.690674
    ],
    [
      43.443096,
      3.690632
    ],
    [
      43.443082,
      3.690592
    ],
    [
      43.443065,
      3.690561
    ],
    [
      43.443043,
      3.690542
    ],
    [
      43.443029,
      3.690538
    ],
    [
      43.443011,
      3.690534
    ],
    [
      43.442994,
      3.690525
    ],
    [
      43.442987,
      3.690518
    ],
    [
      43.442982,
      3.69051
    ],
    [
      43.442977,
      3.690499
    ],
    [
      43.442972,
      3.690486
    ],
    [
      43.442962,
      3.690467
    ],
    [
      43.442942,
      3.690435
    ],
    [
      43.44291,
      3.690383
    ],
    [
      43.442886,
      3.690344
    ],
    [
      43.442865,
      3.690305
    ],
    [
      43.442847,
      3.690266
    ],
    [
      43.442831,
      3.690227
    ],
    [
      43.442816,
      3.690191
    ],
    [
      43.4428,
      3.690162
    ],
    [
      43.44279,
      3.690153
    ],
    [
      43.442777,
      3.690151
    ],
    [
      43.442762,
      3.690163
    ],
    [
      43.442755,
      3.690173
    ],
    [
      43.442748,
      3.690182
    ],
    [
      43.442741,
      3.690192
    ],
    [
      43.442733,
      3.690201
    ],
    [
      43.442726,
      3.690211
    ],
    [
      43.442719,
      3.69022
    ],
    [
      43.442712,
      3.69023
    ],
    [
      43.442705,
      3.690239
    ],
    [
      43.442698,
      3.690249
    ],
    [
      43.442691,
      3.690258
    ],
    [
      43.442684,
      3.690268
    ],
    [
      43.442676,
      3.69028
    ],
    [
      43.442671,
      3.69029
    ],
    [
      43.442671,
      3.69029
    ],
    [
      43.442671,
      3.69029
    ],
    [
      43.442671,
      3.69029
    ],
    [
      43.442671,
      3.69029
    ],
    [
      43.442671,
      3.69029
    ],
    [
      43.442671,
      3.69029
    ],
    [
      43.442671,
      3.69029
    ],
    [
      43.442671,
      3.69029
    ]
  ],
  "moving": [
    false,
    false,
    false,
    false,
    false,
    false,
    false,
    false,
    false,
    false,
    false,
    true,
    true,
    true,
    true,
    true,
    true,
    true,
    true,
    true,
    true,
    true,
    true,
    true,
    true,
    true,
    true,
    true,
    true,
    true,
    true,
    true,
    true,
    true,
    true,
    true,
    true,
    true,
    true,
    true,
    true,
    true,
    true,
    true,
    true,
    true,
    true,
    true,
    true,
    true,
    true,
    true,
    true,
    true,
    true,
    true,
    false,
    true,
    true,
    true,
    true,
    true,
    true,
    true,
    true,
    true,
    true,
    true,
    true,
    true,
    true,
    true,
    true,
    true,
    true,
    true,
    true,
    true,
    true,
    true,
    true,
    true,
    true,
    true,
    true,
    true,
    true,
    true,
    true,
    true,
    true,
    true,
    true,
    true,
    true,
    true,
    true,
    true,
    true,
    true,
    true,
    true,
    true,
    true,
    true,
    true,
    true,
    true,
    true,
    true,
    false,
    true,
    true,
    true,
    true,
    true,
    false,
    false,
    false,
    false,
    false,
    false
  ],