{
  "altitude": [
    7.4,
    7.4,
    7.6,
    7.6,
    7.4,
    7.4,
    7.2,
    7.0,
    7.0,
    7.0,
    7.0,
    7.0,
    7.0,
    7.0,
    7.0,
    7.2,
    7.2,
    7.2,
    7.2,
    7.0,
    7.0,
    7.0,
    7.0,
    7.0,
    7.0,
    7.0,
    7.2,
    7.4,
    7.4,
    7.2,
    7.2,
    7.2,
    7.0,
    7.0,
    7.0,
    7.0,
    7.0,
    7.0,
    7.0,
    7.0,
    7.0,
    7.2,
    7.4,
    7.4,
    7.6,
    7.6,
    7.6,
    7.6,
    7.6,
    7.6,
    7.4,
    7.4,
    7.4,
    7.4,
    7.4,
    7.6,
    7.6,
    8.0,
    8.2,
    8.4,
    8.4,
    8.6,
    8.4,
    8.2,
    8.2,
    8.0,
    8.0,
    8.2,
    8.4,
    8.4,
    8.6,
    8.6,
    8.4,
    8.4,
    8.4,
    8.4,
    8.2,
    8.2,
    8.0,
    8.0,
    8.0,
    8.0,
    7.8,
    7.8,
    7.6,
    8.0,
    7.8,
    7.8,
    7.8,
    7.8,
    7.8,
    7.6,
    7.6,
    7.8,
    8.0,
    8.0,
    8.0,
    8.0,
    8.0,
    8.0,
    8.2,
    8.4,
    8.4,
    8.6,
    8.6,
    8.6,
    8.6,
    8.4,
    8.4,
    8.2,
    8.0,
    7.8,
    7.6,
    7.6,
    7.6,
    7.6,
    7.4,
    7.4,
    7.4,
    7.4,
    7.4,
    7.4,
    7.4,
    7.4,
    7.6,
    7.6,
    7.6,
    7.6,
    7.6,
    7.6
  ],
  "latlng": [
    [
      43.443732,
      3.6912
    ],
    [
      43.443734,
      3.691196
    ],
    [
      43.443737,
      3.691192
    ],
    [
      43.443739,
      3.691188
    ],
    [
      43.443742,
      3.691184
    ],
    [
      43.443744,
      3.69118
    ],
    [
      43.443747,
      3.691176
    ],
    [
      43.443749,
      3.691171
    ],
    [
      43.443752,
      3.691167
    ],
    [
      43.443754,
      3.691163
    ],
    [
      43.443757,
      3.691159
    ],
    [
      43.443759,
      3.691155
    ],
    [
      43.443762,
      3.691151
    ],
    [
      43.443764,
      3.691147
    ],
    [
      43.44378,
      3.691126
    ],
    [
      43.443797,
      3.691105
    ],
    [
      43.443817,
      3.691085
    ],
    [
      43.443852,
      3.69105
    ],
    [
      43.443878,
      3.691026
    ],
    [
      43.443903,
      3.691002
    ],
    [
      43.443928,
      3.690979
    ],
    [
      43.443954,
      3.690956
    ],
    [
      43.443979,
      3.690935
    ],
    [
      43.444,
      3.690915
    ],
    [
      43.444006,
      3.690903
    ],
    [
      43.444007,
      3.690888
    ],
    [
      43.444002,
      3.690882
    ],
    [
      43.443989,
      3.690882
    ],
    [
      43.443965,
      3.690892
    ],
    [
      43.443939,
      3.690909
    ],
    [
      43.443894,
      3.690942
    ],
    [
      43.443862,
      3.690971
    ],
    [
      43.443834,
      3.691003
    ],
    [
      43.443808,
      3.691041
    ],
    [
      43.443785,
      3.691086
    ],
    [
      43.443762,
      3.691134
    ],
    [
      43.443737,
      3.69118
    ],
    [
      43.443708,
      3.691219
    ],
    [
      43.443677,
      3.691251
    ],
    [
      43.443645,
      3.691274
    ],
    [
      43.443614,
      3.691293
    ],
    [
      43.443585,
      3.691307
    ],
    [
      43.443555,
      3.691313
    ],
    [
      43.443524,
      3.69131
    ],
    [
      43.44349,
      3.691301
    ],
    [
      43.443455,
      3.691293
    ],
    [
      43.443418,
      3.691295
    ],
    [
      43.443382,
      3.691309
    ],
    [
      43.443348,
      3.691332
    ],
    [
      43.443315,
      3.69136
    ],
    [
      43.443282,
      3.691391
    ],
    [
      43.443249,
      3.691422
    ],
    [
      43.443215,
      3.691453
    ],
    [
      43.443181,
      3.691482
    ],
    [
      43.443146,
      3.691508
    ],
    [
      43.443111,
      3.691533
    ],
    [
      43.443076,
      3.691558
    ],
    [
      43.443044,
      3.691587
    ],
    [
      43.443016,
      3.691621
    ],
    [
      43.442997,
      3.691663
    ],
    [
      43.442989,
      3.691713
    ],
    [
      43.442991,
      3.691768
    ],
    [
      43.442998,
      3.691825
    ],
    [
      43.443008,
      3.691882
    ],
    [
      43.443018,
      3.691937
    ],
    [
      43.443027,
      3.691989
    ],
    [
      43.443035,
      3.692037
    ],
    [
      43.443044,
      3.692083
    ],
    [
      43.443053,
      3.692129
    ],
    [
      43.443061,
      3.692174
    ],
    [
      43.443068,
      3.692218
    ],
    [
      43.443074,
      3.692259
    ],
    [
      43.44308,
      3.692299
    ],
    [
      43.443086,
      3.692337
    ],
    [
      43.443092,
      3.692373
    ],
    [
      43.4431,
      3.692407
    ],
    [
      43.443103,
      3.692425
    ],
    [
      43.443107,
      3.692448
    ],
    [
      43.44311,
      3.692474
    ],
    [
      43.443112,
      3.6925
    ],
    [
      43.443115,
      3.692525
    ],
    [
      43.443119,
      3.692502
    ],
    [
      43.443124,
      3.692479
    ],
    [
      43.443128,
      3.692455
    ],
    [
      43.443133,
      3.692432
    ],
    [
      43.443137,
      3.692409
    ],
    [
      43.443142,
      3.692385
    ],
    [
      43.443134,
      3.692325
    ],
    [
      43.443124,
      3.692273
    ],
    [
      43.443113,
      3.69222
    ],
    [
      43.443103,
      3.692165
    ],
    [
      43.443093,
      3.692107
    ],
    [
      43.443083,
      3.692049
    ],
    [
      43.443073,
      3.691989
    ],
    [
      43.443061,
      3.69193
    ],
    [
      43.443049,
      3.691873
    ],
    [
      43.443038,
      3.691817
    ],
    [
      43.44303,
      3.691761
    ],
    [
      43.443031,
      3.691707
    ],
    [
      43.443044,
      3.691655
    ],
    [
      43.443066,
      3.691608
    ],
    [
      43.443094,
      3.691565
    ],
    [
      43.443126,
      3.691523
    ],
    [
      43.443159,
      3.691483
    ],
    [
      43.443195,
      3.691445
    ],
    [
      43.443232,
      3.691408
    ],
    [
      43.443269,
      3.691374
    ],
    [
      43.443305,
      3.691341
    ],
    [
      43.443336,
      3.691305
    ],
    [
      43.443358,
      3.691262
    ],
    [
      43.443368,
      3.691216
    ],
    [
      43.443364,
      3.69117
    ],
    [
      43.443349,
      3.691126
    ],
    [
      43.443327,
      3.691084
    ],
    [
      43.443303,
      3.69104
    ],
    [
      43.443278,
      3.690996
    ],
    [
      43.443254,
      3.690951
    ],
    [
      43.443229,
      3.690907
    ],
    [
      43.443204,
      3.690862
    ],
    [
      43.443181,
      3.690816
    ],
    [
      43.443158,
      3.690769
    ],
    [
      43.443139,
      3.690723
    ],
    [
      43.443123,
      3.690676
    ],
    [
      43.443111,
      3.69063
    ],
    [
      43.443101,
      3.690585
    ],
    [
      43.443089,
      3.690546
    ],
    [
      43.443073,
      3.690516
    ],
    [
      43.443044,
      3.690491
    ],
    [
      43.443044,
      3.690491
    ],
    [
      43.443044,
      3.690491
    ]
  ],