{
  "altitude": [
    1.0,
    1.0,
    1.0,
    0.8,
    0.8,
    0.8,
    0.8,
    0.8,
    0.8,
    0.6,
    0.6,
    0.6,
    0.6,
    0.6,
    0.6,
    0.6,
    0.6,
    0.6,
    0.6,
    0.6,
    0.6,
    0.6,
    0.6,
    0.6,
    0.6,
    0.6,
    0.6,
    0.6,
    0.6,
    0.4,
    0.4,
    0.4,
    0.4,
    0.4,
    0.2,
    0.2,
    0.4,
    0.4,
    0.4,
    0.4,
    0.4,
    0.6,
    0.6,
    0.6,
    0.6,
    0.4,
    0.4,
    0.4,
    0.6,
    0.6,
    0.6,
    0.6,
    0.6,
    0.6,
    0.6,
    0.6,
    0.6,
    0.6,
    0.6,
    0.6,
    0.8,
    0.8,
    0.8,
    0.8,
    1.0,
    0.8,
    0.8,
    0.8,
    0.8,
    0.8,
    0.8,
    0.6,
    0.6,
    0.6,
    0.6,
    0.8,
    0.8,
    0.8,
    1.0,
    1.0,
    1.2,
    1.2,
    1.2,
    1.2,
    1.2,
    1.2,
    1.2,
    1.2,
    1.2,
    1.2,
    1.2,
    1.2,
    1.2,
    1.2,
    1.2,
    1.2,
    1.2,
    1.2,
    1.2,
    1.0,
    1.0,
    1.2,
    1.2,
    1.2,
    1.4,
    1.4,
    1.6,
    1.2,
    1.2,
    1.2,
    1.2,
    1.2,
    1.2,
    1.2,
    1.2,
    1.2,
    1.2,
    1.2,
    1.0,
    1.0,
    0.8,
    0.8,
    0.8,
    0.8,
    0.8,
    0.8,
    1.0,
    1.0,
    1.2,
    1.2,
    1.2,
    1.2,
    1.4,
    1.4,
    1.4,
    1.6,
    1.4,
    1.4,
    1.4,
    1.4,
    1.4,
    1.2,
    1.2,
    1.2,
    1.2,
    1.0
  ],
  "latlng": [
    [
      43.443363,
      3.691241
    ],
    [
      43.443363,
      3.691241
    ],
    [
      43.443363,
      3.691241
    ],
    [
      43.443363,
      3.691241
    ],
    [
      43.443363,
      3.691241
    ],
    [
      43.443363,
      3.691241
    ],
    [
      43.443365,
      3.69124
    ],
    [
      43.44337,
      3.69124
    ],
    [
      43.443377,
      3.691242
    ],
    [
      43.443389,
      3.691248
    ],
    [
      43.443405,
      3.691255
    ],
    [
      43.443432,
      3.691266
    ],
    [
      43.443461,
      3.691275
    ],
    [
      43.443512,
      3.691283
    ],
    [
      43.443551,
      3.691282
    ],
    [
      43.443589,
      3.691273
    ],
    [
      43.443628,
      3.691258
    ],
    [
      43.443667,
      3.691236
    ],
    [
      43.443706,
      3.691209
    ],
    [
      43.443744,
      3.691176
    ],
    [
      43.443781,
      3.691141
    ],
    [
      43.443819,
      3.691104
    ],
    [
      43.443856,
      3.691067
    ],
    [
      43.443893,
      3.691029
    ],
    [
      43.443931,
      3.690992
    ],
    [
      43.443968,
      3.690954
    ],
    [
      43.444006,
      3.690917
    ],
    [
      43.444045,
      3.690882
    ],
    [
      43.444084,
      3.690847
    ],
    [
      43.444123,
      3.690811
    ],
    [
      43.444161,
      3.690774
    ],
    [
      43.444197,
      3.690735
    ],
    [
      43.444234,
      3.690696
    ],
    [
      43.444269,
      3.690657
    ],
    [
      43.444303,
      3.69062
    ],
    [
      43.444337,
      3.690585
    ],
    [
      43.444373,
      3.690552
    ],
    [
      43.44441,
      3.690518
    ],
    [
      43.444447,
      3.690484
    ],
    [
      43.444485,
      3.690448
    ],
    [
      43.444523,
      3.69041
    ],
    [
      43.444562,
      3.690372
    ],
    [
      43.444602,
      3.690335
    ],
    [
      43.444642,
      3.690298
    ],
    [
      43.444682,
      3.690259
    ],
    [
      43.444719,
      3.690216
    ],
    [
      43.44475,
      3.690167
    ],
    [
      43.444773,
      3.69011
    ],
    [
      43.444787,
      3.690048
    ],
    [
      43.444792,
      3.689982
    ],
    [
      43.444791,
      3.689914
    ],
    [
      43.444787,
      3.689847
    ],
    [
      43.44478,
      3.68978
    ],
    [
      43.444772,
      3.689716
    ],
    [
      43.444762,
      3.689652
    ],
    [
      43.444749,
      3.689591
    ],
    [
      43.444732,
      3.689533
    ],
    [
      43.444711,
      3.68948
    ],
    [
      43.444683,
      3.689435
    ],
    [
      43.444649,
      3.6894
    ],
    [
      43.444613,
      3.689373
    ],
    [
      43.444577,
      3.689352
    ],
    [
      43.44454,
      3.689333
    ],
    [
      43.444504,
      3.689315
    ],
    [
      43.444467,
      3.689297
    ],
    [
      43.44443,
      3.689279
    ],
    [
      43.44439,
      3.689266
    ],
    [
      43.444349,
      3.689262
    ],
    [
      43.444305,
      3.689269
    ],
    [
      43.444262,
      3.689284
    ],
    [
      43.444219,
      3.689308
    ],
    [
      43.444179,
      3.68934
    ],
    [
      43.444139,
      3.689377
    ],
    [
      43.444101,
      3.689416
    ],
    [
      43.444063,
      3.689456
    ],
    [
      43.444025,
      3.689495
    ],
    [
      43.443987,
      3.689534
    ],
    [
      43.443948,
      3.689573
    ],
    [
      43.443908,
      3.689613
    ],
    [
      43.443869,
      3.689652
    ],
    [
      43.443829,
      3.689691
    ],
    [
      43.443789,
      3.689731
    ],
    [
      43.443749,
      3.68977
    ],
    [
      43.443709,
      3.68981
    ],
    [
      43.443669,
      3.689849
    ],
    [
      43.443629,
      3.689887
    ],
    [
      43.44359,
      3.689925
    ],
    [
      43.44355,
      3.689963
    ],
    [
      43.443511,
      3.690001
    ],
    [
      43.443472,
      3.69004
    ],
    [
      43.443433,
      3.690079
    ],
    [
      43.443393,
      3.690117
    ],
    [
      43.443353,
      3.690155
    ],
    [
      43.443314,
      3.690193
    ],
    [
      43.443274,
      3.690232
    ],
    [
      43.443234,
      3.69027
    ],
    [
      43.443196,
      3.690311
    ],
    [
      43.443163,
      3.690356
    ],
    [
      43.443135,
      3.690405
    ],
    [
      43.443112,
      3.690455
    ],
    [
      43.443087,
      3.690501
    ],
    [
      43.443058,
      3.690533
    ],
    [
      43.443025,
      3.690546
    ],
    [
      43.442997,
      3.690543
    ],
    [
      43.442997,
      3.690543
    ],
    [
      43.44298,
      3.690507
    ],
    [
      43.442962,
      3.690471
    ],
    [
      43.442945,
      3.690435
    ],
    [
      43.442927,
      3.690399
    ],
    [
      43.44291,
      3.690362
    ],
    [
      43.442887,
      3.690315
    ],
    [
      43.44287,
      3.690277
    ],
    [
      43.442851,
      3.690241
    ],
    [
      43.442831,
      3.69021
    ],
    [
      43.442812,
      3.690183
    ],
    [
      43.442794,
      3.690164
    ],
    [
      43.442785,
      3.69016
    ],
    [
      43.442775,
      3.690162
    ],
    [
      43.442763,
      3.690179
    ],
    [
      43.442756,
      3.69019
    ],
    [
      43.442749,
      3.690201
    ],
    [
      43.442741,
      3.690212
    ],
    [
      43.442734,
      3.690223
    ],
    [
      43.442727,
      3.690234
    ],
    [
      43.44272,
      3.690245
    ],
    [
      43.442713,
      3.690256
    ],
    [
      43.442706,
      3.690267
    ],
    [
      43.442699,
      3.690278
    ],
    [
      43.442692,
      3.69029
    ],
    [
      43.442685,
      3.690302
    ],
    [
      43.442679,
      3.690314
    ],
    [
      43.442672,
      3.690323
    ],
    [
      43.442665,
      3.690325
    ],
    [
      43.442658,
      3.690321
    ],
    [
      43.442634,
      3.690301
    ],
    [
      43.442634,
      3.690301
    ],
    [
      43.442634,
      3.690301
    ],
    [
      43.442634,
      3.690301
    ],
    [
      43.442634,
      3.690301
    ],
    [
      43.442634,
      3.690301
    ],
    [
      43.442634,
      3.690301
    ],
    [
      43.442634,
      3.690301
    ],
    [
      43.442634,
      3.690301
    ],
    [
      43.442634,
      3.690301
    ],
    [
      43.442634,
      3.690301
    ],
    [
      43.442634,
      3.690301
    ]
  ],