{
  "altitude": [
    2.1,
    2.1,
    2.0,
    2.0,
    2.4,
    2.4,
    2.5,
    2.5,
    1.7,
    1.6,
    1.7,
    2.4,
    3.2,
    3.3,
    3.2,
    2.9,
    3.0,
    3.0,
    3.1,
    3.1,
    3.2,
    3.1,
    3.1,
    3.1,
    3.3,
    3.3,
    3.3,
    3.8,
    3.7,
    3.1,
    2.7,
    2.3,
    2.1,
    1.9,
    1.8,
    1.8,
    2.4,
    2.5,
    2.8,
    3.0,
    3.2,
    3.2,
    2.8,
    2.3,
    1.9,
    1.9,
    2.7,
    3.1,
    3.0,
    2.7,
    3.4,
    2.9,
    2.4,
    2.3,
    2.3,
    2.3,
    2.5,
    2.5,
    2.4,
    2.4,
    2.4,
    2.3,
    2.3,
    2.2,
    2.2,
    2.1,
    2.1,
    2.3,
    2.3,
    2.3,
    3.0,
    5.1,
    4.9,
    2.3,
    1.9,
    2.0,
    2.0,
    2.0,
    2.2,
    3.5,
    4.9,
    4.0,
    3.9,
    3.3,
    3.2,
    3.1,
    3.0,
    3.1,
    3.3,
    2.2,
    2.2,
    3.4,
    2.7,
    2.8,
    2.8,
    2.7,
    2.6,
    2.4,
    2.3,
    2.0,
    2.1,
    2.1,
    2.1,
    2.1,
    2.1
  ],
  "latlng": [
    [
      26.123652,
      -80.360648
    ],
    [
      26.123652,
      -80.360648
    ],
    [
      26.123722,
      -80.360648
    ],
    [
      26.123805,
      -80.360691
    ],
    [
      26.124277,
      -80.36043
    ],
    [
      26.124305,
      -80.360447
    ],
    [
      26.12448,
      -80.360586
    ],
    [
      26.12454,
      -80.360566
    ],
    [
      26.125075,
      -80.360431
    ],
    [
      26.125121,
      -80.360414
    ],
    [
      26.125668,
      -80.360235
    ],
    [
      26.126213,
      -80.360125
    ],
    [
      26.126573,
      -80.36002
    ],
    [
      26.126656,
      -80.359955
    ],
    [
      26.126714,
      -80.359875
    ],
    [
      26.126813,
      -80.359755
    ],
    [
      26.126897,
      -80.359826
    ],
    [
      26.12698,
      -80.359861
    ],
    [
      26.127071,
      -80.359857
    ],
    [
      26.127152,
      -80.359817
    ],
    [
      26.127228,
      -80.359764
    ],
    [
      26.127313,
      -80.359732
    ],
    [
      26.127407,
      -80.359707
    ],
    [
      26.127946,
      -80.359536
    ],
    [
      26.128183,
      -80.359447
    ],
    [
      26.128263,
      -80.359387
    ],
    [
      26.128326,
      -80.359312
    ],
    [
      26.128582,
      -80.358745
    ],
    [
      26.128617,
      -80.358647
    ],
    [
      26.128622,
      -80.358534
    ],
    [
      26.128594,
      -80.358411
    ],
    [
      26.128541,
      -80.358217
    ],
    [
      26.128511,
      -80.357676
    ],
    [
      26.128558,
      -80.357147
    ],
    [
      26.128632,
      -80.356959
    ],
    [
      26.128711,
      -80.356927
    ],
    [
      26.128929,
      -80.356921
    ],
    [
      26.128996,
      -80.356885
    ],
    [
      26.129023,
      -80.356713
    ],
    [
      26.12907,
      -80.356519
    ],
    [
      26.129075,
      -80.356263
    ],
    [
      26.128962,
      -80.355668
    ],
    [
      26.12886,
      -80.355423
    ],
    [
      26.128721,
      -80.355062
    ],
    [
      26.128638,
      -80.354694
    ],
    [
      26.128591,
      -80.354491
    ],
    [
      26.128588,
      -80.35386
    ],
    [
      26.128537,
      -80.353256
    ],
    [
      26.128478,
      -80.353096
    ],
    [
      26.128782,
      -80.352803
    ],
    [
      26.129039,
      -80.352849
    ],
    [
      26.129218,
      -80.352868
    ],
    [
      26.129405,
      -80.352712
    ],
    [
      26.129565,
      -80.35265
    ],
    [
      26.129834,
      -80.352632
    ],
    [
      26.129917,
      -80.3526
    ],
    [
      26.130065,
      -80.352496
    ],
    [
      26.130116,
      -80.35242
    ],
    [
      26.130163,
      -80.352283
    ],
    [
      26.130145,
      -80.351985
    ],
    [
      26.129965,
      -80.351411
    ],
    [
      26.129939,
      -80.351318
    ],
    [
      26.12991,
      -80.351227
    ],
    [
      26.129877,
      -80.351092
    ],
    [
      26.129796,
      -80.350853
    ],
    [
      26.129934,
      -80.350601
    ],
    [
      26.129932,
      -80.350689
    ],
    [
      26.129949,
      -80.351265
    ],
    [
      26.129947,
      -80.351313
    ],
    [
      26.129801,
      -80.351338
    ],
    [
      26.129419,
      -80.351795
    ],
    [
      26.129181,
      -80.352353
    ],
    [
      26.129073,
      -80.352962
    ],
    [
      26.128947,
      -80.353587
    ],
    [
      26.12891,
      -80.353966
    ],
    [
      26.12896,
      -80.354592
    ],
    [
      26.12913,
      -80.355226
    ],
    [
      26.129343,
      -80.355783
    ],
    [
      26.129453,
      -80.356375
    ],
    [
      26.129443,
      -80.356989
    ],
    [
      26.129294,
      -80.357601
    ],
    [
      26.128998,
      -80.358185
    ],
    [
      26.12868,
      -80.358703
    ],
    [
      26.12844,
      -80.359259
    ],
    [
      26.128187,
      -80.359637
    ],
    [
      26.128075,
      -80.359701
    ],
    [
      26.127708,
      -80.359863
    ],
    [
      26.127129,
      -80.359996
    ],
    [
      26.126867,
      -80.360018
    ],
    [
      26.126291,
      -80.360193
    ],
    [
      26.126236,
      -80.360216
    ],
    [
      26.12608,
      -80.360295
    ],
    [
      26.125527,
      -80.360419
    ],
    [
      26.124988,
      -80.360553
    ],
    [
      26.124854,
      -80.360593
    ],
    [
      26.124785,
      -80.360607
    ],
    [
      26.124656,
      -80.360607
    ],
    [
      26.124372,
      -80.360515
    ],
    [
      26.124257,
      -80.360513
    ],
    [
      26.123763,
      -80.36062
    ],
    [
      26.123662,
      -80.360583
    ],
    [
      26.123615,
      -80.360623
    ],
    [
      26.12354,
      -80.36061
    ],
    [
      26.123021,
      -80.360799
    ],
    [
      26.123011,
      -80.360804
    ]
  ],
  "moving": [
    false,
    true,
    true,
    true,
    true,
    true,
    true,
    false,
    true,
    true,
    true,
    true,
    true,
    true,
    true,
    true,
    true,
    true,
    true,
    true,
    true,
    true,
    true,
    true,
    true,
    true,
    true,
    true,
    true,
    true,
    true,
    true,
    true,
    true,
    true,
    true,
    true,
    true,
    true,
    true,
    true,
    true,
    true,
    true,
    true,
    true,
    true,
    true,
    true,
    true,
    true,
    true,
    true,
    true,
    true,
    true,
    true,
    true,
    true,
    true,
    true,
    true,
    true,
    true,
    true,
    true,
    false,
    true,
    true,
    false,
    true,
    true,
    true,
    true,
    true,
    true,
    true,
    true,
    true,
    true,
    true,
    true,
    true,
    true,
    true,
    true,
    true,
    true,
    true,
    true,
    true,
    true,
    true,
    true,
    true,
    true,
    true,
    true,
    true,
    true,
    true,
    true,
    false,
    true,
    true
  ],
  "velocity_smooth": [
    0.0,
    0.3,
    1.0,
    2.2,
    3.5,
    3.6,
    1.8,
    1.3,
    3.0,
    4.1,
    5.3,
    4.8,
    4.7,
    5.3,
    5.2,
    4.7,
    4.3,
    4.3,
    4.5,
    4.9,
    5.0,
    5.0,
    5.1,
    5.6,
    5.6,
    5.5,
    5.4,
    4.9,
    4.9,
    5.0,
    5.8,
    6.6,
    6.2,
    5.7,
    5.3,
    5.0,
    4.8,
    4.7,
    4.3,
    4.7,
    5.1,
    5.1,
    5.2,
    5.5,
    5.5,
    5.9,
    5.0,
    4.6,
    4.6,
    4.2,
    4.2,
    4.5,
    4.6,
    4.5,
    4.9,
    5.0,
    4.9,
    4.8,
    4.8,
    5.0,
    5.0,
    5.0,
    5.0,
    4.7,
    4.4,
    3.1,
    0.0,
    0.0,
    2.4,
    0.0,
    0.1,
    3.7,
    3.7,
    4.7,
    6.8,
    7.2,
    6.8,
    6.7,
    6.4,
    5.3,
    5.7,
    7.7,
    7.6,
    6.5,
    6.4,
    6.8,
    6.4,
    6.1,
    5.9,
    6.0,
    6.1,
    6.1,
    6.8,
    7.3,
    7.7,
    7.7,
    7.5,
    6.7,
    6.5,
    5.8,
    5.3,
    2.7,
    0.1,
    0.5,
    4.4
  ],