{
  "altitude": [
    3.2,
    3.2
  ],
  "latlng": [
    [
      43.442671,
      3.690311
    ],
    [
      43.442671,
      3.690308
    ]
  ],
  "moving": [
    false,
    false
  ],
  "temp": [
    20,
    20
  ],
  "velocity_smooth": [
    0.0,
    0.1
  ],
  "time": [
    0,
    1
  ],
  "grade_smooth": [
    0.0,
    0.0
  ],
  "distance": [
    0.2,
    0.3
  ]
}