{
  "altitude": [
    108.2,
    144.4,
    145.8,
    145.8,
    145.6,
    145.6,
    145.6,
    145.6,
    145.8,
    145.8,
    146.0,
    146.0,
    146.0,
    146.0,
    146.0,
    146.0,
    146.0,
    145.8,
    145.8,
    145.6,
    145.6,
    145.4,
    145.0,
    145.0,
    145.2,
    145.2,
    145.6,
    145.8,
    146.0,
    146.0,
    146.2,
    146.4,
    146.4,
    146.4,
    146.2,
    145.8,
    145.2,
    145.2,
    145.2,
    145.0,
    144.8,
    144.8,
    144.6,
    144.6,
    144.6,
    143.2,
    143.0,
    142.8,
    142.2,
    141.8,
    141.2,
    141.0,
    141.0,
    140.8,
    140.4,
    140.2,
    140.0,
    140.0,
    140.0,
    139.8,
    139.8,
    139.6,
    139.6,
    139.4,
    139.4,
    139.4,
    139.4
  ],
  "latlng": [
    [
      43.353846,
      2.775552
    ],
    [
      43.353846,
      2.775552
    ],
    [
      43.353846,
      2.775552
    ],
    [
      43.353846,
      2.775552
    ],
    [
      43.353837,
      2.775557
    ],
    [
      43.353736,
      2.775754
    ],
    [
      43.353735,
      2.775793
    ],
    [
      43.353713,
      2.775944
    ],
    [
      43.353694,
      2.776096
    ],
    [
      43.353684,
      2.776099
    ],
    [
      43.353671,
      2.776083
    ],
    [
      43.353664,
      2.776063
    ],
    [
      43.353662,
      2.776042
    ],
    [
      43.353662,
      2.776021
    ],
    [
      43.353661,
      2.775989
    ],
    [
      43.353658,
      2.77596
    ],
    [
      43.353655,
      2.775929
    ],
    [
      43.353654,
      2.775905
    ],
    [
      43.353652,
      2.775883
    ],
    [
      43.353649,
      2.775868
    ],
    [
      43.353647,
      2.775857
    ],
    [
      43.353644,
      2.775848
    ],
    [
      43.353665,
      2.775853
    ],
    [
      43.353671,
      2.775866
    ],
    [
      43.353683,
      2.775917
    ],
    [
      43.353689,
      2.775936
    ],
    [
      43.353712,
      2.776003
    ],
    [
      43.353756,
      2.776018
    ],
    [
      43.353766,
      2.776027
    ],
    [
      43.353768,
      2.776028
    ],
    [
      43.353773,
      2.776021
    ],
    [
      43.353775,
      2.775968
    ],
    [
      43.35378,
      2.775935
    ],
    [
      43.353811,
      2.775807
    ],
    [
      43.353845,
      2.775593
    ],
    [
      43.353878,
      2.775304
    ],
    [
      43.353938,
      2.775035
    ],
    [
      43.353936,
      2.77501
    ],
    [
      43.353926,
      2.77499
    ],
    [
      43.35391,
      2.774977
    ],
    [
      43.353892,
      2.774971
    ],
    [
      43.353877,
      2.774969
    ],
    [
      43.353866,
      2.774967
    ],
    [
      43.353863,
      2.774967
    ],
    [
      43.353862,
      2.774965
    ],
    [
      43.35385,
      2.77497
    ],
    [
      43.353842,
      2.774968
    ],
    [
      43.353819,
      2.774967
    ],
    [
      43.353787,
      2.774951
    ],
    [
      43.353777,
      2.774945
    ],
    [
      43.353735,
      2.774921
    ],
    [
      43.353729,
      2.774912
    ],
    [
      43.353723,
      2.774903
    ],
    [
      43.353715,
      2.774894
    ],
    [
      43.353689,
      2.774881
    ],
    [
      43.353681,
      2.77488
    ],
    [
      43.353673,
      2.774882
    ],
    [
      43.353666,
      2.774884
    ],
    [
      43.353658,
      2.774883
    ],
    [
      43.35365,
      2.774879
    ],
    [
      43.353643,
      2.774871
    ],
    [
      43.353637,
      2.774865
    ],
    [
      43.353635,
      2.774858
    ],
    [
      43.353632,
      2.774852
    ],
    [
      43.35363,
      2.774852
    ],
    [
      43.35363,
      2.774854
    ],
    [
      43.353626,
      2.774859
    ]
  ],
  "moving": [
    false,
    false,
    false,
    false,
    false,
    false,
    true,
    true,
    true,
    true,
    true,
    true,
    true,
    true,
    true,
    true,
    true,
    true,
    true,
    true,
    true,
    true,
    false,
    false,
    true,
    true,
    true,
    false,
    true,
    false,
    true,
    false,
    true,
    true,
    true,
    true,
    true,
    true,
    true,
    true,
    true,
    true,
    true,
    false,
    false,
    false,
    true,
    false,
    true,
    true,
    true,
    true,
    true,
    true,
    true,
    true,
    true,
    true,
    true,
    true,
    true,
    true,
    false,
    false,
    false,
    false,
    false
  ],
  "temp": [
    18,
    18,
    18,
    18,
    18,
    18,
    18,
    18,
    18,
    18,
    18,
    18,
    18,
    18,
    18,
    18,
    19,
    18,
    19,
    19,
    19,
    19,
    18,
    18,
    19,
    18,
    19,
    18,
    18,
    18,
    18,
    18,
    18,
    18,
    18,
    18,
    18,
    18,
    18,
    18,
    18,
    18,
    18,
    18,
    18,
    18,
    18,
    18,
    18,
    18,
    18,
    18,
    18,
    18,
    18,
    18,
    18,
    18,
    18,
    18,
    18,
    18,
    18,
    18,
    18,
    18,
    18
  ],
  "velocity_smooth": [
    0.0,
    0.0,
    0.0,
    0.0,
    0.0,
    0.0,
    0.4,
    2.6,
    2.5,
    2.2,
    2.2,
    2.1,
    2.1,
    1.6,
    1.9,
    2.0,
    2.2,
    2.2,
    2.2,
    2.0,
    1.7,
    1.3,
    0.0,
    0.0,
    0.1,
    1.0,
    1.2,
    0.7,
    0.8,
    0.3,
    0.4,
    0.1,
    0.4,
    2.0,
    2.2,
    2.4,
    2.7,
    2.8,
    2.7,
    2.6,
    2.6,
    1.9,
    1.7,
    1.4,
    1.0,
    0.0,
    0.0,
    0.0,
    0.2,
    0.2,
    1.2,
    1.2,
    1.2,
    1.2,
    1.0,
    1.0,
    1.0,
    1.0,
    0.9,
    0.9,
    0.8,
    0.8,
    0.6,
    0.5,
    0.4,
    0.2,
    0.1
  ],
  "time": [
    0,
    1,
    2,
    3,
    8,
    10,
    11,
    16,
    21,
    22,
    23,
    24,
    25,
    26,
    27,
    28,
    29,
    30,
    31,
    32,
    33,
    34,
    81,
    82,
    85,
    86,
    91,
    94,
    95,
    96,
    97,
    102,
    104,
    109,
    117,
    126,
    134,
    135,
    136,
    137,
    138,
    139,
    140,
    141,
    142,
    159,
    161,
    179,
    182,
    183,
    187,
    188,
    189,
    190,
    193,
    194,
    195,
    196,
    197,
    198,
    199,
    200,
    201,
    202,
    203,
    204,
    206
  ],
  "grade_smooth": [
    0.0,
    0.0,
    0.0,
    0.0,
    7.8,
    -1.3,
    0.7,
    0.7,
    1.4,
    2.3,
    2.5,
    1.9,
    1.7,
    0.0,
    -1.8,
    -1.8,
    -4.1,
    -3.7,
    -10.9,
    -6.5,
    -7.0,
    -1.3,
    -1.5,
    0.0,
    5.7,
    7.6,
    9.1,
    12.8,
    9.9,
    5.1,
    3.8,
    2.8,
    0.0,
    -1.1,
    -1.6,
    -1.8,
    -2.0,
    -2.8,
    -4.1,
    -5.6,
    -6.6,
    -22.2,
    -21.9,
    -25.2,
    -29.4,
    -25.9,
    -30.6,
    -31.8,
    -18.3,
    -16.5,
    -15.2,
    -14.8,
    -14.3,
    -13.6,
    -13.3,
    -11.8,
    -14.4,
    -15.7,
    -15.2,
    -14.9,
    -14.9,
    -15.6,
    -14.5,
    -13.0,
    -16.2,
    -21.4,
    -20.0
  ],
  "distance": [
    0.0,
    0.0,
    0.0,
    0.0,
    0.0,
    0.0,
    3.0,
    15.4,
    27.8,
    28.8,
    30.7,
    32.5,
    34.2,
    35.9,
    38.5,
    40.8,
    43.4,
    45.3,
    47.1,
    48.3,
    49.2,
    50.0,
    50.0,
    50.0,
    53.2,
    54.8,
    60.5,
    60.5,
    61.8,
    62.0,
    62.6,
    62.6,
    65.3,
    76.3,
    94.1,
    117.8,
    140.6,
    142.7,
    144.5,
    146.6,
    148.6,
    150.3,
    151.4,
    151.7,
    151.8,
    151.8,
    152.6,
    152.6,
    156.4,
    157.5,
    162.5,
    163.5,
    164.5,
    165.6,
    168.6,
    169.5,
    170.4,
    171.3,
    172.2,
    173.0,
    173.7,
    174.2,
    174.4,
    174.7,
    174.8,
    174.8,
    175.0
  ]
}