{
  "altitude": [
    33.4,
    10.0,
    10.2,
    10.4,
    11.2,
    11.2,
    10.2,
    10.6,
    10.2,
    9.6,
    9.6,
    9.6,
    9.6,
    9.6,
    9.6,
    9.6,
    9.6,
    9.6,
    9.6,
    9.0,
    8.8,
    8.8,
    8.8,
    8.8,
    8.8,
    8.8,
    8.2,
    7.8,
    7.8,
    8.0,
    8.0,
    8.2,
    8.4,
    8.4,
    8.4,
    8.4,
    8.6,
    8.6,
    8.8,
    8.4,
    8.4,
    8.2,
    8.2,
    8.0,
    8.0,
    7.8,
    7.6,
    7.6,
    7.4,
    7.4,
    7.2,
    7.0,
    7.0,
    7.0,
    7.0,
    7.0,
    7.0,
    7.0,
    7.0,
    6.8,
    6.6,
    6.6,
    6.6,
    6.6,
    6.6,
    6.8,
    7.8,
    8.0
  ],
  "latlng": [
    [
      43.597135,
      3.900004
    ],
    [
      43.597135,
      3.900004
    ],
    [
      43.597135,
      3.900004
    ],
    [
      43.597135,
      3.900004
    ],
    [
      43.597135,
      3.900004
    ],
    [
      43.597135,
      3.900004
    ],
    [
      43.597123,
      3.900126
    ],
    [
      43.597003,
      3.900255
    ],
    [
      43.596966,
      3.900301
    ],
    [
      43.596767,
      3.900563
    ],
    [
      43.596529,
      3.900883
    ],
    [
      43.596486,
      3.900932
    ],
    [
      43.59645,
      3.900976
    ],
    [
      43.59634,
      3.901118
    ],
    [
      43.596302,
      3.901167
    ],
    [
      43.596263,
      3.901216
    ],
    [
      43.596233,
      3.901263
    ],
    [
      43.596202,
      3.901311
    ],
    [
      43.596168,
      3.901365
    ],
    [
      43.595835,
      3.901874
    ],
    [
      43.595727,
      3.902049
    ],
    [
      43.595607,
      3.902187
    ],
    [
      43.595561,
      3.902246
    ],
    [
      43.595423,
      3.902461
    ],
    [
      43.595381,
      3.902525
    ],
    [
      43.595343,
      3.902572
    ],
    [
      43.595033,
      3.902999
    ],
    [
      43.594915,
      3.903141
    ],
    [
      43.594558,
      3.903521
    ],
    [
      43.594298,
      3.903783
    ],
    [
      43.594165,
      3.903906
    ],
    [
      43.593789,
      3.90411
    ],
    [
      43.593628,
      3.904174
    ],
    [
      43.593479,
      3.904225
    ],
    [
      43.593438,
      3.904244
    ],
    [
      43.593399,
      3.904267
    ],
    [
      43.593354,
      3.90429
    ],
    [
      43.593305,
      3.904317
    ],
    [
      43.593197,
      3.904391
    ],
    [
      43.593094,
      3.904441
    ],
    [
      43.593045,
      3.904459
    ],
    [
      43.593001,
      3.904479
    ],
    [
      43.592957,
      3.9045
    ],
    [
      43.59292,
      3.904516
    ],
    [
      43.592889,
      3.904532
    ],
    [
      43.592871,
      3.904558
    ],
    [
      43.592874,
      3.904595
    ],
    [
      43.592882,
      3.904641
    ],
    [
      43.592889,
      3.904763
    ],
    [
      43.592901,
      3.904822
    ],
    [
      43.593015,
      3.905143
    ],
    [
      43.593027,
      3.905178
    ],
    [
      43.593036,
      3.905211
    ],
    [
      43.59304,
      3.905249
    ],
    [
      43.593029,
      3.905289
    ],
    [
      43.593007,
      3.905323
    ],
    [
      43.592943,
      3.905356
    ],
    [
      43.592875,
      3.905383
    ],
    [
      43.592847,
      3.905397
    ],
    [
      43.592821,
      3.905405
    ],
    [
      43.592799,
      3.905403
    ],
    [
      43.592786,
      3.905389
    ],
    [
      43.592783,
      3.905375
    ],
    [
      43.592784,
      3.905367
    ],
    [
      43.592786,
      3.905364
    ],
    [
      43.592786,
      3.905364
    ],
    [
      43.592788,
      3.905402
    ],
    [
      43.592791,
      3.905407
    ]
  ],
  "moving": [
    false,
    false,
    false,
    false,
    false,
    false,
    true,
    true,
    true,
    true,
    true,
    true,
    true,
    true,
    true,
    true,
    true,
    true,
    true,
    true,
    true,
    true,
    true,
    true,
    true,
    true,
    true,
    true,
    true,
    true,
    true,
    true,
    true,
    true,
    true,
    true,
    true,
    true,
    true,
    true,
    true,
    true,
    true,
    true,
    true,
    true,
    true,
    true,
    true,
    true,
    true,
    true,
    true,
    true,
    true,
    true,
    true,
    true,
    true,
    true,
    true,
    true,
    true,
    true,
    true,
    false,
    false,
    false
  ],
  "temp": [
    36,
    36,
    36,
    36,
    36,
    36,
    36,
    36,
    36,
    36,
    36,
    36,
    36,
    36,
    36,
    36,
    36,
    36,
    36,
    36,
    36,
    36,
    36,
    36,
    36,
    36,
    36,
    36,
    36,
    36,
    36,
    36,
    36,
    36,
    36,
    36,
    36,
    36,
    36,
    36,
    36,
    36,
    36,
    36,
    36,
    36,
    36,
    36,
    36,
    36,
    36,
    36,
    36,
    36,
    36,
    36,
    36,
    36,
    36,
    36,
    36,
    36,
    36,
    36,
    36,
    36,
    35,
    35
  ],
  "velocity_smooth": [
    0.0,
    0.0,
    0.0,
    0.0,
    0.0,
    0.06,
    0.191,
    5.462,
    5.472,
    6.012,
    6.148,
    6.177,
    6.075,
    5.652,
    5.576,
    5.674,
    5.562,
    5.516,
    5.526,
    6.106,
    6.15,
    5.983,
    6.123,
    6.026,
    6.022,
    5.967,
    6.053,
    6.017,
    6.145,
    6.612,
    6.693,
    6.273,
    6.354,
    5.943,
    5.783,
    5.32,
    5.325,
    5.391,
    5.856,
    6.27,
    6.238,
    6.063,
    5.624,
    5.402,
    4.788,
    4.124,
    3.658,
    3.402,
    3.74,
    4.264,
    4.226,
    4.004,
    3.876,
    3.79,
    3.755,
    3.2,
    3.51,
    3.792,
    3.748,
    3.612,
    3.284,
    3.012,
    2.272,
    1.698,
    1.182,
    0.722,
    0.0,
    0.001
  ],
  "time": [
    0,
    4,
    13,
    15,
    21,
    101,
    103,
    106,
    107,
    112,
    118,
    119,
    120,
    123,
    124,
    125,
    126,
    127,
    128,
    137,
    140,
    143,
    144,
    148,
    149,
    150,
    158,
    161,
    169,
    174,
    177,
    184,
    187,
    190,
    191,
    192,
    193,
    194,
    196,
    198,
    199,
    200,
    201,
    202,
    203,
    204,
    205,
    206,
    208,
    209,
    216,
    217,
    218,
    219,
    220,
    221,
    223,
    225,
    226,
    227,
    228,
    229,
    230,
    231,
    232,
    233,
    635,
    637
  ],
  "grade_smooth": [
    0.0,
    0.0,
    0.0,
    0.0,
    0.0,
    0.6,
    -2.6,
    -2.5,
    -0.7,
    -1.3,
    -0.8,
    0.0,
    0.0,
    0.0,
    0.0,
    0.0,
    0.0,
    -0.8,
    -0.9,
    -0.8,
    -0.8,
    -0.3,
    0.0,
    0.0,
    -0.7,
    -1.3,
    -0.8,
    -0.5,
    -0.2,
    0.3,
    0.5,
    0.4,
    0.5,
    0.4,
    0.6,
    1.0,
    1.4,
    0.0,
    -0.5,
    -1.1,
    -2.1,
    -2.0,
    -2.2,
    -2.6,
    -4.6,
    -3.1,
    -3.2,
    -1.9,
    -0.8,
    -1.3,
    -1.0,
    -1.1,
    -1.6,
    0.0,
    0.0,
    0.0,
    0.0,
    -0.9,
    -2.4,
    -3.9,
    -4.7,
    -2.3,
    10.7,
    10.7,
    18.7,
    34.0,
    34.0,
    34.0
  ],
  "distance": [
    0.0,
    0.0,
    0.0,
    0.0,
    0.0,
    5.2,
    15.7,
    32.5,
    38.0,
    68.6,
    105.7,
    111.8,
    117.2,
    133.9,
    139.7,
    145.6,
    150.6,
    155.8,
    161.6,
    216.9,
    235.4,
    252.8,
    259.7,
    282.9,
    289.8,
    295.5,
    344.3,
    361.7,
    411.9,
    447.7,
    465.4,
    510.4,
    529.0,
    546.0,
    550.9,
    555.6,
    560.9,
    566.7,
    580.2,
    592.3,
    597.9,
    603.1,
    608.3,
    612.6,
    616.2,
    618.5,
    621.4,
    625.3,
    634.9,
    639.8,
    668.7,
    671.9,
    674.7,
    677.8,
    681.2,
    684.7,
    692.3,
    700.1,
    703.5,
    706.4,
    708.7,
    710.3,
    711.5,
    712.0,
    712.3,
    712.3,
    712.3,
    712.8
  ]
}