{
  "altitude": [
    1.4,
    1.4
  ],
  "latlng": [
    [
      43.442984,
      3.690533
    ],
    [
      43.442984,
      3.690533
    ]
  ],
  "moving": [
    false,
    false
  ],
  "temp": [
    20,
    20
  ],
  "velocity_smooth": [
    0.0,
    0.0
  ],
  "time": [
    0,
    1
  ],
  "grade_smooth": [
    0.0,
    0.0
  ],
  "distance": [
    0.0,
    0.0
  ]
}