{
  "altitude": [
    0.4,
    0.4,
    0.4,
    0.4,
    0.4,
    0.4,
    0.4,
    0.4,
    0.4,
    0.4,
    0.4,
    0.4,
    0.4,
    0.4,
    0.4,
    0.4,
    0.4,
    0.4,
    0.4,
    0.4,
    0.4,
    0.4,
    0.4,
    0.4,
    0.4,
    0.4,
    0.4,
    0.4,
    0.4,
    0.4,
    0.4,
    0.4,
    0.4,
    0.4,
    0.4,
    0.4,
    0.4,
    0.4,
    0.4,
    0.4,
    0.4,
    0.4,
    0.4,
    0.4,
    0.4,
    0.4,
    0.4,
    0.4,
    0.4,
    0.4,
    0.4,
    0.4,
    0.4,
    0.4,
    0.4,
    0.4,
    0.4,
    0.4,
    0.4,
    0.4,
    0.4,
    0.4,
    0.4,
    0.4,
    0.4,
    0.4,
    0.4,
    0.4,
    0.4,
    0.4,
    0.4,
    0.4,
    0.4,
    0.4,
    0.4,
    0.4,
    0.4,
    0.4,
    0.4,
    0.4,
    0.4,
    0.4,
    0.4,
    0.4,
    0.3,
    0.3,
    0.2,
    0.2,
    0.2,
    0.1,
    0.1,
    0.0,
    0.0,
    0.0,
    -0.1,
    -0.1,
    -0.1,
    -0.2,
    -0.2,
    -0.2,
    -0.2,
    -0.2,
    -0.3,
    -0.3,
    -0.4,
    -0.4,
    -0.5,
    -0.5,
    -0.5,
    -0.6,
    -0.7,
    -0.8,
    -0.9
  ],
  "latlng": [
    [
      43.439639,
      3.765329
    ],
    [
      43.439639,
      3.765329
    ],
    [
      43.439639,
      3.765329
    ],
    [
      43.439639,
      3.765329
    ],
    [
      43.439639,
      3.765329
    ],
    [
      43.439639,
      3.765329
    ],
    [
      43.439639,
      3.765329
    ],
    [
      43.439639,
      3.765329
    ],
    [
      43.439639,
      3.765329
    ],
    [
      43.439639,
      3.765329
    ],
    [
      43.439639,
      3.765329
    ],
    [
      43.439639,
      3.765329
    ],
    [
      43.439639,
      3.765329
    ],
    [
      43.439639,
      3.765329
    ],
    [
      43.439639,
      3.765329
    ],
    [
      43.439639,
      3.765329
    ],
    [
      43.439639,
      3.765329
    ],
    [
      43.439639,
      3.765329
    ],
    [
      43.439639,
      3.765329
    ],
    [
      43.439639,
      3.765329
    ],
    [
      43.439639,
      3.765329
    ],
    [
      43.439639,
      3.765329
    ],
    [
      43.439639,
      3.765329
    ],
    [
      43.439639,
      3.765329
    ],
    [
      43.439639,
      3.765329
    ],
    [
      43.439639,
      3.765329
    ],
    [
      43.439639,
      3.765329
    ],
    [
      43.439639,
      3.765329
    ],
    [
      43.439639,
      3.765329
    ],
    [
      43.439639,
      3.765329
    ],
    [
      43.439639,
      3.765329
    ],
    [
      43.439639,
      3.765329
    ],
    [
      43.439639,
      3.765329
    ],
    [
      43.439639,
      3.765329
    ],
    [
      43.439639,
      3.765329
    ],
    [
      43.439639,
      3.765329
    ],
    [
      43.439639,
      3.765329
    ],
    [
      43.439639,
      3.765329
    ],
    [
      43.439639,
      3.765329
    ],
    [
      43.439639,
      3.765329
    ],
    [
      43.439639,
      3.765329
    ],
    [
      43.439639,
      3.765329
    ],
    [
      43.439639,
      3.765329
    ],
    [
      43.439639,
      3.765329
    ],
    [
      43.439639,
      3.765329
    ],
    [
      43.439639,
      3.765329
    ],
    [
      43.439639,
      3.765329
    ],
    [
      43.439639,
      3.765329
    ],
    [
      43.439639,
      3.765329
    ],
    [
      43.439639,
      3.765329
    ],
    [
      43.439639,
      3.765329
    ],
    [
      43.439639,
      3.765329
    ],
    [
      43.439639,
      3.765329
    ],
    [
      43.439639,
      3.765329
    ],
    [
      43.439639,
      3.765329
    ],
    [
      43.439639,
      3.765329
    ],
    [
      43.439639,
      3.765329
    ],
    [
      43.439639,
      3.765329
    ],
    [
      43.439639,
      3.765329
    ],
    [
      43.439639,
      3.765329
    ],
    [
      43.439639,
      3.765329
    ],
    [
      43.439639,
      3.765329
    ],
    [
      43.439639,
      3.765329
    ],
    [
      43.439639,
      3.765329
    ],
    [
      43.439639,
      3.765329
    ],
    [
      43.439639,
      3.765329
    ],
    [
      43.439639,
      3.765329
    ],
    [
      43.439639,
      3.765329
    ],
    [
      43.439639,
      3.765329
    ],
    [
      43.439639,
      3.765329
    ],
    [
      43.439639,
      3.765329
    ],
    [
      43.439639,
      3.765329
    ],
    [
      43.439639,
      3.765329
    ],
    [
      43.439639,
      3.765329
    ],
    [
      43.439639,
      3.765329
    ],
    [
      43.439639,
      3.765329
    ],
    [
      43.439639,
      3.765329
    ],
    [
      43.439639,
      3.765329
    ],
    [
      43.439639,
      3.765329
    ],
    [
      43.439639,
      3.765329
    ],
    [
      43.439639,
      3.765329
    ],
    [
      43.439639,
      3.765329
    ],
    [
      43.439639,
      3.765329
    ],
    [
      43.439639,
      3.765329
    ],
    [
      43.44008,
      3.765781
    ],
    [
      43.440175,
      3.765901
    ],
    [
      43.440388,
      3.766101
    ],
    [
      43.440625,
      3.766332
    ],
    [
      43.441045,
      3.766824
    ],
    [
      43.441469,
      3.767291
    ],
    [
      43.441537,
      3.767365
    ],
    [
      43.44177,
      3.767667
    ],
    [
      43.441835,
      3.767739
    ],
    [
      43.44196,
      3.767904
    ],
    [
      43.442341,
      3.768452
    ],
    [
      43.442634,
      3.768945
    ],
    [
      43.442751,
      3.769161
    ],
    [
      43.44281,
      3.76925
    ],
    [
      43.442929,
      3.769516
    ],
    [
      43.442973,
      3.769621
    ],
    [
      43.443126,
      3.769958
    ],
    [
      43.443198,
      3.770136
    ],
    [
      43.443415,
      3.770698
    ],
    [
      43.443672,
      3.771355
    ],
    [
      43.443874,
      3.772049
    ],
    [
      43.443943,
      3.772388
    ],
    [
      43.444114,
      3.773098
    ],
    [
      43.444146,
      3.773291
    ],
    [
      43.444188,
      3.773481
    ],
    [
      43.444282,
      3.774222
    ],
    [
      43.444327,
      3.774926
    ],
    [
      43.444358,
      3.775705
    ],
    [
      43.444335,
      3.776157
    ]
  ],
  "moving": [
    false,
    false,
    false,
    false,
    false,
    false,
    false,
    false,
    false,
    false,
    false,
    false,
    false,
    false,
    false,
    false,
    false,
    false,
    false,
    false,
    false,
    false,
    false,
    false,
    false,
    false,
    false,
    false,
    false,
    false,
    false,
    false,
    false,
    false,
    false,
    false,
    false,
    false,
    false,
    false,
    false,
    false,
    false,
    false,
    false,
    false,
    false,
    false,
    false,
    false,
    false,
    false,
    false,
    false,
    false,
    false,
    false,
    false,
    false,
    false,
    false,
    false,
    false,
    false,
    false,
    false,
    false,
    false,
    false,
    false,
    false,
    false,
    false,
    false,
    false,
    false,
    false,
    false,
    false,
    false,
    false,
    false,
    false,
    false,
    true,
    true,
    true,
    true,
    true,
    true,
    true,
    true,
    true,
    true,
    true,
    true,
    true,
    true,
    true,
    true,
    true,
    true,
    true,
    true,
    true,
    true,
    true,
    true,
    true,
    true,
    true,
    true,
    true
  ],