{
  "altitude": [
    159.0,
    163.2,
    165.4,
    165.6,
    166.0,
    165.8,
    165.8,
    165.8,
    165.8,
    165.6,
    165.6,
    165.6,
    165.2,
    165.2,
    165.4,
    165.2,
    165.0,
    165.0,
    165.0,
    165.2,
    165.4,
    165.6,
    165.6,
    165.6,
    165.6,
    165.8,
    166.0,
    166.2,
    166.4,
    166.4,
    166.4,
    166.4,
    166.4,
    166.2,
    166.0,
    166.0,
    166.0,
    166.4,
    166.6,
    166.6,
    167.0,
    167.2,
    167.2,
    167.6,
    167.6,
    167.8,
    167.8,
    167.8,
    167.8,
    167.8,
    167.8,
    167.8,
    167.6,
    167.6,
    167.6,
    167.6,
    167.6,
    167.6,
    168.0,
    168.2,
    168.4,
    168.4,
    168.2,
    168.2,
    168.2,
    168.2,
    168.2,
    168.2,
    168.2,
    168.0,
    168.0,
    168.0,
    167.8,
    168.0,
    168.2,
    168.8,
    169.0,
    169.0,
    169.0,
    168.4,
    168.0,
    168.0,
    167.8,
    167.8,
    167.6,
    167.2,
    167.0,
    167.0,
    167.0,
    166.8,
    166.6,
    165.6,
    164.2,
    163.2,
    161.6,
    160.4,
    158.8,
    157.8,
    156.8,
    156.0,
    155.4,
    154.2,
    153.0,
    152.0,
    151.0,
    150.6,
    150.4,
    152.2,
    153.2,
    153.6,
    154.4,
    155.4,
    156.2,
    157.4,
    157.8,
    158.4,
    159.6,
    159.8,
    159.4,
    160.4,
    161.4,
    162.4,
    163.4,
    164.4,
    165.4,
    165.6,
    166.6,
    166.6
  ],
  "latlng": [
    [
      49.037595,
      7.937705
    ],
    [
      49.037571,
      7.937758
    ],
    [
      49.037532,
      7.937839
    ],
    [
      49.037519,
      7.937872
    ],
    [
      49.037449,
      7.937978
    ],
    [
      49.037284,
      7.938227
    ],
    [
      49.037242,
      7.938277
    ],
    [
      49.037206,
      7.938298
    ],
    [
      49.037095,
      7.938441
    ],
    [
      49.036936,
      7.93872
    ],
    [
      49.036804,
      7.939062
    ],
    [
      49.036745,
      7.939269
    ],
    [
      49.036645,
      7.939674
    ],
    [
      49.036605,
      7.939824
    ],
    [
      49.03655,
      7.939941
    ],
    [
      49.036488,
      7.940079
    ],
    [
      49.036433,
      7.940144
    ],
    [
      49.036421,
      7.940157
    ],
    [
      49.036326,
      7.94021
    ],
    [
      49.036123,
      7.940254
    ],
    [
      49.035986,
      7.940233
    ],
    [
      49.035819,
      7.940161
    ],
    [
      49.035766,
      7.940162
    ],
    [
      49.035723,
      7.940167
    ],
    [
      49.035607,
      7.940234
    ],
    [
      49.035445,
      7.940352
    ],
    [
      49.035272,
      7.940487
    ],
    [
      49.035181,
      7.94058
    ],
    [
      49.035153,
      7.940619
    ],
    [
      49.035117,
      7.940668
    ],
    [
      49.035065,
      7.940718
    ],
    [
      49.035012,
      7.940787
    ],
    [
      49.034887,
      7.940872
    ],
    [
      49.034752,
      7.940961
    ],
    [
      49.03461,
      7.941128
    ],
    [
      49.034542,
      7.941237
    ],
    [
      49.034486,
      7.941356
    ],
    [
      49.034358,
      7.94154
    ],
    [
      49.034338,
      7.941572
    ],
    [
      49.034275,
      7.941646
    ],
    [
      49.034222,
      7.941825
    ],
    [
      49.034138,
      7.941951
    ],
    [
      49.034096,
      7.942023
    ],
    [
      49.034008,
      7.942334
    ],
    [
      49.034031,
      7.942385
    ],
    [
      49.034008,
      7.942508
    ],
    [
      49.033989,
      7.942567
    ],
    [
      49.033916,
      7.942746
    ],
    [
      49.033894,
      7.942884
    ],
    [
      49.033893,
      7.942916
    ],
    [
      49.033844,
      7.942995
    ],
    [
      49.033792,
      7.943059
    ],
    [
      49.033683,
      7.943251
    ],
    [
      49.033691,
      7.943284
    ],
    [
      49.033675,
      7.943328
    ],
    [
      49.033649,
      7.943399
    ],
    [
      49.033645,
      7.943418
    ],
    [
      49.033636,
      7.943441
    ],
    [
      49.03358,
      7.943553
    ],
    [
      49.033488,
      7.943737
    ],
    [
      49.033495,
      7.943958
    ],
    [
      49.033512,
      7.944259
    ],
    [
      49.033495,
      7.944469
    ],
    [
      49.03349,
      7.944501
    ],
    [
      49.03348,
      7.944603
    ],
    [
      49.033451,
      7.944662
    ],
    [
      49.033379,
      7.944767
    ],
    [
      49.033335,
      7.94475
    ],
    [
      49.033283,
      7.944691
    ],
    [
      49.033283,
      7.944647
    ],
    [
      49.033281,
      7.944639
    ],
    [
      49.033274,
      7.94464
    ],
    [
      49.033275,
      7.944641
    ],
    [
      49.03328,
      7.944982
    ],
    [
      49.033307,
      7.945004
    ],
    [
      49.033352,
      7.945009
    ],
    [
      49.033335,
      7.945022
    ],
    [
      49.033317,
      7.945045
    ],
    [
      49.033302,
      7.945068
    ],
    [
      49.033275,
      7.945148
    ],
    [
      49.03327,
      7.94518
    ],
    [
      49.033263,
      7.945174
    ],
    [
      49.033256,
      7.94519
    ],
    [
      49.033252,
      7.945195
    ],
    [
      49.03325,
      7.945198
    ],
    [
      49.033251,
      7.9452
    ],
    [
      49.033254,
      7.945184
    ],
    [
      49.033236,
      7.945196
    ],
    [
      49.033221,
      7.945188
    ],
    [
      49.033221,
      7.945188
    ],
    [
      49.033349,
      7.94485
    ],
    [
      49.033349,
      7.94485
    ],
    [
      49.033349,
      7.94485
    ],
    [
      49.033349,
      7.94485
    ],
    [
      49.033349,
      7.94485
    ],
    [
      49.033349,
      7.94485
    ],
    [
      49.033349,
      7.94485
    ],
    [
      49.033349,
      7.94485
    ],
    [
      49.033349,
      7.94485
    ],
    [
      49.033349,
      7.94485
    ],
    [
      49.033349,
      7.94485
    ],
    [
      49.033349,
      7.94485
    ],
    [
      49.033349,
      7.94485
    ],
    [
      49.033349,
      7.94485
    ],
    [
      49.033349,
      7.94485
    ],
    [
      49.033349,
      7.94485
    ],
    [
      49.033349,
      7.94485
    ],
    [
      49.033349,
      7.94485
    ],
    [
      49.033349,
      7.94485
    ],
    [
      49.033349,
      7.94485
    ],
    [
      49.033349,
      7.94485
    ],
    [
      49.033349,
      7.94485
    ],
    [
      49.033349,
      7.94485
    ],
    [
      49.033349,
      7.94485
    ],
    [
      49.033349,
      7.94485
    ],
    [
      49.033349,
      7.94485
    ],
    [
      49.033349,
      7.94485
    ],
    [
      49.033349,
      7.94485
    ],
    [
      49.033349,
      7.94485
    ],
    [
      49.033349,
      7.94485
    ],
    [
      49.033349,
      7.94485
    ],
    [
      49.033349,
      7.94485
    ],
    [
      49.033349,
      7.94485
    ],
    [
      49.033349,
      7.94485
    ],
    [
      49.033349,
      7.94485
    ],
    [
      49.033349,
      7.94485
    ],
    [
      49.033349,
      7.94485
    ],
    [
      49.033349,
      7.94485
    ]
  ],