{
  "altitude": [
    161.2,
    163.2,
    164.2,
    164.2,
    164.0,
    164.2,
    164.4,
    164.6,
    164.8,
    165.0,
    165.2,
    165.2,
    165.4,
    165.4,
    165.4,
    165.4,
    165.4,
    165.4,
    165.4,
    165.8,
    165.8,
    165.6,
    165.0,
    164.4,
    164.2,
    163.6,
    163.2,
    163.0,
    162.6,
    162.2,
    162.2,
    162.2,
    162.0,
    162.4,
    162.2,
    162.2,
    162.2,
    162.2,
    162.4,
    162.4,
    162.4,
    162.4,
    162.2,
    162.0,
    162.0,
    162.0,
    161.8,
    161.4,
    161.2,
    161.2,
    161.0,
    160.6,
    160.4,
    160.2,
    160.2,
    160.0,
    160.0,
    160.0,
    160.0,
    160.0,
    160.0,
    160.0,
    160.0,
    160.4,
    160.6,
    160.4,
    160.2,
    160.4,
    160.4,
    160.6,
    160.6,
    160.6,
    160.6,
    161.6,
    161.6
  ],
  "latlng": [
    [
      49.039466,
      7.92945
    ],
    [
      49.039466,
      7.92945
    ],
    [
      49.039443,
      7.92945
    ],
    [
      49.039403,
      7.929437
    ],
    [
      49.039296,
      7.929478
    ],
    [
      49.039286,
      7.929503
    ],
    [
      49.039272,
      7.92957
    ],
    [
      49.039167,
      7.929811
    ],
    [
      49.039059,
      7.930136
    ],
    [
      49.039024,
      7.930364
    ],
    [
      49.038975,
      7.930583
    ],
    [
      49.038973,
      7.930635
    ],
    [
      49.03895,
      7.930925
    ],
    [
      49.038921,
      7.931352
    ],
    [
      49.038866,
      7.931462
    ],
    [
      49.038752,
      7.931615
    ],
    [
      49.038623,
      7.93182
    ],
    [
      49.038536,
      7.932071
    ],
    [
      49.038415,
      7.932484
    ],
    [
      49.038261,
      7.93289
    ],
    [
      49.038159,
      7.933234
    ],
    [
      49.038116,
      7.933473
    ],
    [
      49.03808,
      7.9336
    ],
    [
      49.038057,
      7.933687
    ],
    [
      49.038055,
      7.933711
    ],
    [
      49.038029,
      7.933901
    ],
    [
      49.038017,
      7.934057
    ],
    [
      49.038017,
      7.934057
    ],
    [
      49.03802,
      7.934141
    ],
    [
      49.038035,
      7.934444
    ],
    [
      49.038092,
      7.934775
    ],
    [
      49.038106,
      7.934844
    ],
    [
      49.038173,
      7.935065
    ],
    [
      49.03823,
      7.935203
    ],
    [
      49.038277,
      7.935357
    ],
    [
      49.038287,
      7.935412
    ],
    [
      49.038287,
      7.935446
    ],
    [
      49.038289,
      7.935463
    ],
    [
      49.038293,
      7.935499
    ],
    [
      49.038293,
      7.935508
    ],
    [
      49.038297,
      7.935541
    ],
    [
      49.038307,
      7.935731
    ],
    [
      49.038314,
      7.935963
    ],
    [
      49.03832,
      7.936195
    ],
    [
      49.038326,
      7.936325
    ],
    [
      49.038328,
      7.936376
    ],
    [
      49.038298,
      7.936715
    ],
    [
      49.038265,
      7.93682
    ],
    [
      49.038243,
      7.936841
    ],
    [
      49.038203,
      7.936921
    ],
    [
      49.038191,
      7.936999
    ],
    [
      49.038232,
      7.937278
    ],
    [
      49.038226,
      7.9373
    ],
    [
      49.03821,
      7.937318
    ],
    [
      49.038208,
      7.937319
    ],
    [
      49.038187,
      7.93733
    ],
    [
      49.038179,
      7.937337
    ],
    [
      49.038179,
      7.937337
    ],
    [
      49.03818,
      7.937311
    ],
    [
      49.038183,
      7.937261
    ],
    [
      49.03819,
      7.937083
    ],
    [
      49.03818,
      7.936966
    ],
    [
      49.03818,
      7.936966
    ],
    [
      49.038179,
      7.936949
    ],
    [
      49.038177,
      7.936931
    ],
    [
      49.038173,
      7.936888
    ],
    [
      49.038175,
      7.936862
    ],
    [
      49.038169,
      7.936825
    ],
    [
      49.038168,
      7.936787
    ],
    [
      49.038158,
      7.93655
    ],
    [
      49.038161,
      7.936512
    ],
    [
      49.038167,
      7.936416
    ],
    [
      49.038172,
      7.936413
    ],
    [
      49.038174,
      7.936396
    ],
    [
      49.038172,
      7.936389
    ]
  ],
  "moving": [
    false,
    false,
    false,
    true,
    true,
    true,
    true,
    true,
    true,
    true,
    true,
    true,
    true,
    true,
    true,
    true,
    true,
    true,
    true,
    true,
    true,
    true,
    true,
    true,
    true,
    true,
    true,
    false,
    true,
    true,
    true,
    true,
    true,
    true,
    true,
    true,
    true,
    true,
    true,
    false,
    false,
    true,
    true,
    true,
    true,
    true,
    true,
    true,
    true,
    true,
    true,
    true,
    true,
    true,
    false,
    true,
    true,
    false,
    false,
    true,
    true,
    true,
    false,
    false,
    true,
    true,
    true,
    false,
    true,
    true,
    true,
    true,
    false,
    false,
    false
  ],
  "temp": [
    23,
    23,
    23,
    23,
    23,
    23,
    23,
    23,
    23,
    23,
    23,
    23,
    23,
    23,
    23,
    23,
    23,
    23,
    23,
    23,
    23,
    23,
    23,
    23,
    23,
    23,
    23,
    23,
    23,
    23,
    23,
    23,
    23,
    23,
    23,
    23,
    23,
    23,
    23,
    23,
    23,
    23,
    23,
    23,
    23,
    23,
    23,
    23,
    23,
    23,
    23,
    23,
    23,
    23,
    23,
    23,
    23,
    23,
    23,
    23,
    23,
    23,
    23,
    23,
    23,
    23,
    23,
    23,
    23,
    23,
    23,
    23,
    23,
    23,
    23
  ],
  "velocity_smooth": [
    0.0,
    0.0,
    0.0,
    0.66,
    2.444,
    2.43,
    2.197,
    2.897,
    3.975,
    4.385,
    4.265,
    4.194,
    4.188,
    4.398,
    3.808,
    2.716,
    3.401,
    4.147,
    4.487,
    4.791,
    4.404,
    3.519,
    2.567,
    1.687,
    1.428,
    2.281,
    2.335,
    1.915,
    1.033,
    2.031,
    2.622,
    2.748,
    2.885,
    2.701,
    2.209,
    1.839,
    1.324,
    1.31,
    1.278,
    0.664,
    0.007,
    0.152,
    3.873,
    3.798,
    3.324,
    3.368,
    4.1,
    3.733,
    3.643,
    2.637,
    2.542,
    2.948,
    2.82,
    2.471,
    2.271,
    0.81,
    0.575,
    0.493,
    0.0,
    0.048,
    2.076,
    1.561,
    0.886,
    0.0,
    0.065,
    0.201,
    0.828,
    0.131,
    0.255,
    2.873,
    2.857,
    2.69,
    1.287,
    0.012,
    0.008
  ],
  "time": [
    0,
    1,
    6,
    8,
    13,
    14,
    17,
    23,
    29,
    33,
    37,
    38,
    43,
    50,
    54,
    60,
    65,
    70,
    77,
    84,
    91,
    97,
    102,
    107,
    108,
    114,
    119,
    120,
    125,
    134,
    143,
    145,
    151,
    156,
    162,
    165,
    167,
    168,
    170,
    173,
    261,
    265,
    269,
    274,
    277,
    278,
    284,
    287,
    288,
    291,
    293,
    300,
    301,
    303,
    304,
    307,
    310,
    311,
    384,
    386,
    392,
    400,
    402,
    421,
    422,
    424,
    428,
    438,
    439,
    445,
    446,
    449,
    452,
    518,
    521
  ],
  "grade_smooth": [
    0.0,
    0.0,
    16.4,
    5.2,
    0.8,
    1.0,
    1.5,
    1.1,
    1.0,
    0.9,
    1.0,
    0.5,
    0.3,
    0.3,
    0.0,
    0.0,
    0.0,
    0.4,
    0.3,
    0.2,
    -0.4,
    -2.2,
    -4.3,
    -6.1,
    -5.3,
    -5.1,
    -5.0,
    -3.5,
    -1.9,
    -1.4,
    -0.9,
    0.3,
    0.0,
    0.0,
    0.6,
    -1.0,
    1.9,
    2.8,
    1.0,
    1.2,
    -0.6,
    -0.8,
    -0.7,
    -0.8,
    -0.7,
    -1.3,
    -2.0,
    -1.8,
    -3.3,
    -2.2,
    -2.3,
    -3.3,
    -3.2,
    -7.9,
    -7.9,
    -5.3,
    -1.8,
    -1.0,
    0.0,
    0.0,
    0.0,
    1.8,
    5.9,
    3.2,
    4.4,
    2.3,
    0.8,
    0.9,
    1.8,
    0.7,
    0.7,
    9.6,
    12.1,
    12.1,
    12.1
  ],