{
  "altitude": [
    -3.4,
    4.2,
    10.6,
    10.2,
    10.4,
    10.8,
    11.4,
    11.4,
    11.6,
    11.6,
    11.6,
    11.8,
    12.0,
    12.0,
    12.0,
    12.2,
    12.2,
    12.2,
    12.4,
    12.4,
    12.4,
    13.4,
    13.4,
    13.8,
    13.8,
    14.4,
    14.6,
    14.6,
    14.8,
    14.6,
    14.6,
    14.8,
    14.8,
    15.0,
    14.8,
    14.8,
    14.8,
    14.6,
    14.6,
    14.6,
    14.4,
    14.4,
    14.4,
    14.2,
    14.2,
    14.2,
    14.2,
    14.2,
    14.2,
    14.2,
    14.2,
    14.2,
    14.4,
    14.2,
    14.2,
    14.0,
    14.2,
    14.0,
    14.2,
    14.2,
    14.2,
    13.8,
    14.2,
    14.2,
    14.0,
    14.0,
    14.0,
    14.0,
    14.0,
    14.0,
    13.8,
    13.8,
    14.0,
    14.0,
    13.6,
    13.8,
    13.6,
    13.6,
    13.8,
    13.6,
    13.4,
    13.4,
    13.4,
    13.4,
    13.6,
    13.4,
    13.4,
    13.6,
    13.6,
    13.6,
    13.6,
    13.6
  ],
  "latlng": [
    [
      43.069911,
      3.093433
    ],
    [
      43.069911,
      3.093433
    ],
    [
      43.06992,
      3.093453
    ],
    [
      43.069947,
      3.093518
    ],
    [
      43.070032,
      3.093668
    ],
    [
      43.070173,
      3.09376
    ],
    [
      43.070358,
      3.093887
    ],
    [
      43.070453,
      3.09401
    ],
    [
      43.070644,
      3.094156
    ],
    [
      43.070768,
      3.094227
    ],
    [
      43.070962,
      3.094365
    ],
    [
      43.071199,
      3.094519
    ],
    [
      43.071389,
      3.094634
    ],
    [
      43.07141,
      3.094647
    ],
    [
      43.071599,
      3.094767
    ],
    [
      43.071808,
      3.094913
    ],
    [
      43.071885,
      3.094974
    ],
    [
      43.071918,
      3.095008
    ],
    [
      43.072028,
      3.095075
    ],
    [
      43.072141,
      3.095132
    ],
    [
      43.072322,
      3.095197
    ],
    [
      43.072551,
      3.095313
    ],
    [
      43.072587,
      3.095337
    ],
    [
      43.072669,
      3.095385
    ],
    [
      43.072713,
      3.095415
    ],
    [
      43.07286,
      3.095514
    ],
    [
      43.073041,
      3.095626
    ],
    [
      43.07306,
      3.095643
    ],
    [
      43.073177,
      3.095713
    ],
    [
      43.073436,
      3.095896
    ],
    [
      43.073681,
      3.096064
    ],
    [
      43.073912,
      3.096197
    ],
    [
      43.07417,
      3.096351
    ],
    [
      43.074418,
      3.09652
    ],
    [
      43.074681,
      3.096707
    ],
    [
      43.07487,
      3.096835
    ],
    [
      43.075065,
      3.096966
    ],
    [
      43.075282,
      3.097119
    ],
    [
      43.075504,
      3.097269
    ],
    [
      43.075772,
      3.097464
    ],
    [
      43.07595,
      3.097595
    ],
    [
      43.076019,
      3.097642
    ],
    [
      43.076338,
      3.097861
    ],
    [
      43.076591,
      3.098026
    ],
    [
      43.076842,
      3.09822
    ],
    [
      43.077033,
      3.098407
    ],
    [
      43.077248,
      3.09867
    ],
    [
      43.077496,
      3.098938
    ],
    [
      43.07774,
      3.099168
    ],
    [
      43.078034,
      3.099403
    ],
    [
      43.078299,
      3.099585
    ],
    [
      43.078544,
      3.09975
    ],
    [
      43.078797,
      3.099916
    ],
    [
      43.078926,
      3.099995
    ],
    [
      43.079111,
      3.100092
    ],
    [
      43.079394,
      3.100254
    ],
    [
      43.0796,
      3.100378
    ],
    [
      43.079927,
      3.100577
    ],
    [
      43.080244,
      3.100754
    ],
    [
      43.080482,
      3.100878
    ],
    [
      43.080766,
      3.101036
    ],
    [
      43.08102,
      3.101226
    ],
    [
      43.081277,
      3.101327
    ],
    [
      43.081568,
      3.101515
    ],
    [
      43.081737,
      3.101633
    ],
    [
      43.08193,
      3.101771
    ],
    [
      43.082118,
      3.10191
    ],
    [
      43.082361,
      3.102094
    ],
    [
      43.082389,
      3.102105
    ],
    [
      43.082611,
      3.102235
    ],
    [
      43.082875,
      3.102428
    ],
    [
      43.083229,
      3.102679
    ],
    [
      43.08348,
      3.102852
    ],
    [
      43.083808,
      3.103067
    ],
    [
      43.084115,
      3.103268
    ],
    [
      43.084342,
      3.103392
    ],
    [
      43.084554,
      3.10356
    ],
    [
      43.084698,
      3.10359
    ],
    [
      43.084845,
      3.10354
    ],
    [
      43.084978,
      3.10338
    ],
    [
      43.085033,
      3.103224
    ],
    [
      43.085083,
      3.103118
    ],
    [
      43.085115,
      3.103049
    ],
    [
      43.08521,
      3.102886
    ],
    [
      43.085336,
      3.102713
    ],
    [
      43.085456,
      3.102575
    ],
    [
      43.085504,
      3.10253
    ],
    [
      43.085553,
      3.102499
    ],
    [
      43.085576,
      3.102491
    ],
    [
      43.085595,
      3.102481
    ],
    [
      43.085658,
      3.102446
    ],
    [
      43.085697,
      3.102359
    ]
  ],
  "moving": [
    false,
    false,
    false,
    true,
    true,
    true,
    true,
    true,
    true,
    true,
    true,
    true,
    true,
    true,
    true,
    true,
    true,
    true,
    true,
    true,
    true,
    true,
    true,
    true,
    true,
    true,
    true,
    true,
    true,
    true,
    true,
    true,
    true,
    true,
    true,
    true,
    true,
    true,
    true,
    true,
    true,
    true,
    true,
    true,
    true,
    true,
    true,
    true,
    true,
    true,
    true,
    true,
    true,
    true,
    true,
    true,
    true,
    true,
    true,
    true,
    true,
    true,
    true,
    true,
    true,
    true,
    true,
    true,
    true,
    true,
    true,
    true,
    true,
    true,
    true,
    true,
    true,
    true,
    true,
    true,
    true,
    true,
    true,
    true,
    true,
    true,
    true,
    true,
    true,
    true,
    true,
    true
  ],
  "temp": [
    19,
    19,
    19,
    19,
    19,
    19,
    19,
    19,
    19,
    19,
    19,
    19,
    19,
    19,
    19,
    19,
    19,
    19,
    19,
    19,
    19,
    18,
    18,
    18,
    18,
    18,
    18,
    18,
    18,
    18,
    18,
    18,
    18,
    18,
    18,
    18,
    18,
    18,
    18,
    18,
    18,
    18,
    18,
    18,
    18,
    18,
    18,
    18,
    18,
    18,
    18,
    18,
    18,
    18,
    18,
    18,
    18,
    18,
    18,
    18,
    18,
    18,
    18,
    18,
    18,
    18,
    18,
    18,
    18,
    18,
    18,
    18,
    18,
    18,
    18,
    18,
    18,
    18,
    18,
    18,
    18,
    18,
    18,
    18,
    18,
    18,
    18,
    18,
    18,
    18,
    18,
    18
  ],
  "velocity_smooth": [
    0.0,
    0.0,
    0.0,
    0.608,
    2.16,
    2.196,
    2.245,
    2.349,
    2.434,
    2.453,
    2.451,
    2.547,
    2.613,
    2.561,
    2.566,
    2.591,
    2.576,
    2.422,
    2.248,
    2.062,
    2.134,
    2.399,
    2.43,
    2.383,
    2.563,
    2.37,
    2.514,
    2.731,
    2.792,
    2.914,
    2.861,
    2.778,
    2.814,
    2.822,
    2.898,
    2.965,
    2.972,
    3.014,
    3.038,
    3.068,
    3.119,
    3.098,
    3.016,
    3.083,
    3.014,
    2.905,
    2.908,
    2.928,
    2.965,
    3.078,
    3.081,
    3.017,
    3.08,
    3.128,
    3.136,
    3.3,
    3.284,
    3.409,
    3.386,
    3.16,
    2.973,
    3.159,
    3.651,
    3.644,
    3.561,
    3.502,
    3.434,
    3.417,
    3.412,
    3.349,
    3.347,
    3.309,
    3.363,
    3.41,
    3.404,
    3.423,
    3.204,
    2.92,
    2.572,
    2.294,
    2.112,
    2.434,
    2.832,
    2.145,
    2.05,
    1.97,
    1.496,
    1.038,
    1.224,
    1.197,
    1.011,
    0.951
  ],